Workbook

Sheet Sheet1
A1: Summary Worksheet
B3: COP ALPHA | C3: -0.00011507642 | E3: AAPLE BETA | F3: 0.90008643
B4: WFC ALPHA | C4: 3.1818693e-05 | E4: GOOG BETA | F4: 0.97271782
B5: XOM ALPHA | C5: 6.1424473e-05 | E5: XOM BETA | F5: 1.0151406
B6: TTM ALPHA | C6: 0.00015327263 | E6: MSFT BETA | F6: 1.0434897
B7: MSFT ALPHA | C7: 0.00028448409 | E7: DIS BETA | F7: 1.1295707
B8: BIDU ALPHA | C8: 0.00031565585 | E8: COP BETA | F8: 1.1685959
B9: DIS ALPHA | C9: 0.00039710933 | E9: TSLA BETA | F9: 1.239124
B10: AAPL ALPHA | C10: 0.00044039568 | E10: BIDU BETA | F10: 1.3122063
B11: GOOG ALPHA | C11: 0.00044716465 | E11: WFC BETA | F11: 1.3397083
B12: TSLA ALPHA | C12: 0.0014789919 | E12: TTM BETA | F12: 1.4927608

Sheet Portfolio 1
A1: Microsoft & WFC:
A3: 3 | B3: Microsoft: | C3: WFC | F3: Weight Mic | G3: Weight wfc | H3: Expected return | I3: Variance | J3: STD | K3: Column 1
A4: Average Return | B4: 0.00074693549 | C4: 0.00062554756 | F4: 0.55 | G4: 0.45 | H4: =($B$4*F4)+($C$4*G4) -> 0.00069231092 | I4: =(F4^2*$B$6)+(G4^2*$C$6)+(2*F4*G4*$D$13) -> 0.00017233058 | J4: =SQRT(I4) -> 0.013127474
A5: STD.DEV | B5: 0.014813012 | C5: 0.015640826 | F5: 0.6 | G5: 0.4 | H5: =($B$4*F5)+($C$4*G5) -> 0.00069838032 | I5: =(F5^2*$B$6)+(G5^2*$C$6)+(2*F5*G5*$D$13) -> 0.00017284096 | J5: =SQRT(I5) -> 0.013146899
A6: Variance | B6: =B5^2 -> 0.00021942533 | C6: =C5^2 -> 0.00024463544 | F6: 0.5 | G6: 0.5 | H6: =($B$4*F6)+($C$4*G6) -> 0.00068624152 | I6: =(F6^2*$B$6)+(G6^2*$C$6)+(2*F6*G6*$D$13) -> 0.00017300079 | J6: =SQRT(I6) -> 0.013152976
F7: 0.65 | G7: 0.35 | H7: =($B$4*F7)+($C$4*G7) -> 0.00070444971 | I7: =(F7^2*$B$6)+(G7^2*$C$6)+(2*F7*G7*$D$13) -> 0.00017453194 | J7: =SQRT(I7) -> 0.013211054
F8: 0.45 | G8: 0.55 | H8: =($B$4*F8)+($C$4*G8) -> 0.00068017213 | I8: =(F8^2*$B$6)+(G8^2*$C$6)+(2*F8*G8*$D$13) -> 0.00017485159 | J8: =SQRT(I8) -> 0.013223146
F9: 0.7 | G9: 0.3 | H9: =($B$4*F9)+($C$4*G9) -> 0.00071051911 | I9: =(F9^2*$B$6)+(G9^2*$C$6)+(2*F9*G9*$D$13) -> 0.0001774035 | J9: =SQRT(I9) -> 0.013319291
F10: 0.4 | G10: 0.6 | H10: =($B$4*F10)+($C$4*G10) -> 0.00067410273 | I10: =(F10^2*$B$6)+(G10^2*$C$6)+(2*F10*G10*$D$13) -> 0.00017788298 | J10: =SQRT(I10) -> 0.013337278
F11: 0.75 | G11: 0.25 | H11: =($B$4*F11)+($C$4*G11) -> 0.00071658851 | I11: =(F11^2*$B$6)+(G11^2*$C$6)+(2*F11*G11*$D$13) -> 0.00018145566 | J11: =SQRT(I11) -> 0.013470548
B12: Adj R Msft | C12: Adj R WFC | D12: Covariance | F12: 0.35 | G12: 0.65 | H12: =($B$4*F12)+($C$4*G12) -> 0.00066803333 | I12: =(F12^2*$B$6)+(G12^2*$C$6)+(2*F12*G12*$D$13) -> 0.00018209497 | J12: =SQRT(I12) -> 0.013494257
B13: 0.0065188837 | C13: -0.016406292 | D13: =_xlfn.COVARIANCE.S(B13:B1523,C13:C1523) -> 0.00011397119 | F13: 0.8 | G13: 0.2 | H13: =($B$4*F13)+($C$4*G13) -> 0.0007226579 | I13: =(F13^2*$B$6)+(G13^2*$C$6)+(2*F13*G13*$D$13) -> 0.00018668841 | J13: =SQRT(I13) -> 0.013663397
B14: 0.004749614 | C14: -0.011914262 | F14: 0.3 | G14: 0.7 | H14: =($B$4*F14)+($C$4*G14) -> 0.00066196394 | I14: =(F14^2*$B$6)+(G14^2*$C$6)+(2*F14*G14*$D$13) -> 0.00018748755 | J14: =SQRT(I14) -> 0.013692609
B15: 0.023635556 | C15: 0.010852135 | F15: 0.85 | G15: 0.15 | H15: =($B$4*F15)+($C$4*G15) -> 0.0007287273 | I15: =(F15^2*$B$6)+(G15^2*$C$6)+(2*F15*G15*$D$13) -> 0.00019310175 | J15: =SQRT(I15) -> 0.013896106
B16: 0.020151098 | C16: 0.060039782 | F16: 0.25 | G16: 0.75 | H16: =($B$4*F16)+($C$4*G16) -> 0.00065589454 | I16: =(F16^2*$B$6)+(G16^2*$C$6)+(2*F16*G16*$D$13) -> 0.00019406071 | J16: =SQRT(I16) -> 0.013930568
B17: 0.0045267926 | C17: -0.00075024525 | F17: 0.9 | G17: 0.1 | H17: =($B$4*F17)+($C$4*G17) -> 0.0007347967 | I17: =(F17^2*$B$6)+(G17^2*$C$6)+(2*F17*G17*$D$13) -> 0.00020069569 | J17: =SQRT(I17) -> 0.014166711
B18: -0.0057353261 | C18: 0.013513555 | F18: 0.2 | G18: 0.8 | H18: =($B$4*F18)+($C$4*G18) -> 0.00064982514 | I18: =(F18^2*$B$6)+(G18^2*$C$6)+(2*F18*G18*$D$13) -> 0.00020181448 | J18: =SQRT(I18) -> 0.014206142
B19: 0.023073688 | C19: 0.0022222218 | F19: 0.95 | G19: 0.05 | H19: =($B$4*F19)+($C$4*G19) -> 0.00074086609 | I19: =(F19^2*$B$6)+(G19^2*$C$6)+(2*F19*G19*$D$13) -> 0.00020947021 | J19: =SQRT(I19) -> 0.014473086
B20: 0.012082167 | C20: 0.032520348 | F20: 0.15 | G20: 0.85 | H20: =($B$4*F20)+($C$4*G20) -> 0.00064375575 | I20: =(F20^2*$B$6)+(G20^2*$C$6)+(2*F20*G20*$D$13) -> 0.00021074883 | J20: =SQRT(I20) -> 0.014517191
B21: 0.01233587 | C21: -0.0100215 | F21: 1 | G21: -1.9984014e-15 | H21: =($B$4*F21)+($C$4*G21) -> 0.00074693549 | I21: =(F21^2*$B$6)+(G21^2*$C$6)+(2*F21*G21*$D$13) -> 0.00021942533 | J21: =SQRT(I21) -> 0.014813012
B22: 0.002751582 | C22: 0.0054229926 | F22: 0.1 | G22: 0.9 | H22: =($B$4*F22)+($C$4*G22) -> 0.00063768635 | I22: =(F22^2*$B$6)+(G22^2*$C$6)+(2*F22*G22*$D$13) -> 0.00022086377 | J22: =SQRT(I22) -> 0.014861486
B23: -0.024304226 | C23: -0.056454531 | F23: 0.05 | G23: 0.95 | H23: =($B$4*F23)+($C$4*G23) -> 0.00063161695 | I23: =(F23^2*$B$6)+(G23^2*$C$6)+(2*F23*G23*$D$13) -> 0.00023215931 | J23: =SQRT(I23) -> 0.015236775 | O23: Msft | P23: wfc
B24: 0.013660098 | C24: -0.0083840863 | F24: 0 | G24: 1 | H24: =($B$4*F24)+($C$4*G24) -> 0.00062554756 | I24: =(F24^2*$B$6)+(G24^2*$C$6)+(2*F24*G24*$D$13) -> 0.00024463544 | J24: =SQRT(I24) -> 0.015640826 | K24: =MIN(Table1[STD]) -> 0.013127474 | M24: Min Variance Weights= | O24: 0.55 | P24: 0.45
B25: 0.0099088536 | C25: -0.0042275757
B26: -0.014128692 | C26: 0.0057892697
B27: 0.028662393 | C27: 0.051036093 | L27: =MIN(Table1[Variance]) -> 0.00017233058
B28: -0.0011610143 | C28: 0.0010952901
B29: 0.011236001 | C29: 0.017870151
B30: 0.002298807 | C30: 0.017198134
B31: -0.0080274612 | C31: -0.011271546
B32: 0.0030828234 | C32: -0.013537555 | G32: Msft | H32: wfc
B33: -0.0084518224 | C33: 0.0014445088 | F33: weight = | G33: 0.55338447 | H33: =1-G33 -> 0.44661553 | J33: 1
B34: 0.020147275 | C34: 0.030292098 | F34: Variance | G34: =(G33^2*B6)+(H33^2*C6)+(2*G33*H33*D13) -> 0.00017232787 | J34: 0
B35: -0.0064565551 | C35: -0.015750745 | F35: Std | G35: =SQRT(G34) -> 0.013127371
B36: -0.016437283 | C36: -0.0049875606 | F36: Expected Return = | G36: =(G33*B4)+(H33*C4) -> 0.00069272175
B37: -0.013991414 | C37: -0.0017902447 | F37: Sharpe Ratio: | G37: =(G36-0)/G35 | K37: MinimumRisk:
B38: 0.0070949059 | C38: -0.004662777 | G38: =(G36-0)/G35 -> 0.052769267 | L38: Msft | M38: wfc
B39: 0.0023484305 | C39: 0.017297287 | K39: weight = | L39: 0.55338447 | M39: 0.44661553
B40: -0.021085573 | C40: -0.01629469 | K40: Variance | L40: 0.00017232787
B41: -0.0083765282 | C41: -0.052934864 | K41: Std | L41: 0.013127371
B42: -0.014883365 | C42: -0.011406843 | K42: Expected Return = | L42: 0.00069272175
B43: -0.003674948 | C43: -0.0061538129 | F43: Opimal Risky Portoflio | G43: Msft | H43: Wfc | K43: Sharpe Ratio: | L43: =(G36-0)/G35
B44: 0.0040983474 | C44: -0.0061919615 | F44: (Max Sharpe Ratio) | L44: 0.052769267
B45: 0.013951557 | C45: -0.013239877 | F45: Weight | G45: 0.68127649 | H45: 0.31872351
B46: 0.0044516652 | C46: 0.0015784892 | F46: Variance | G46: 0.00017618991
B47: -0.015310233 | C47: -0.037431015 | F47: Std | G47: 0.013273655
B48: -0.0085924825 | C48: 0.0069586818 | F48: Expected Return = | G48: 0.0007082463
B49: 0.0020635741 | C49: -0.015040689 | F49: Sharpe Ratio: | G49: =(G36-0)/G35
B50: -0.0098846709 | C50: -0.024350012 | G50: 0.053357294
B51: 0.0024958504 | C51: -0.0016920017
B52: -0.011618321 | C52: -0.0046610132
B53: 0.0046179954 | C53: 0.021711344
B54: -0.012118688 | C54: -0.031249997
B55: -0.0071911896 | C55: 0.012903225
B56: 0.018321228 | C56: 0.047133783
B57: 0.0016737124 | C57: 0.017842646
B58: 0.014619902 | C58: 0.029482102
B59: -0.013585917 | C59: -0.035603734
B60: -0.0012520675 | C60: 0.012038476
B61: 0.0033430814 | C61: 0.018636072
B62: -0.0066638849 | C62: 0.0023355208
... B1523: 0.012465314 | C1523: 0.0076644878

Sheet Full Portfolio
A1: 10 Asset Potfolio: | B1: Adj Returns:
B2: Aapl | C2: Bidu | D2: Msft | E2: Cop | F2: Dis | G2: Goog | H2: Tsla | I2: Ttm | J2: Wfc | K2: Xom
B3: -0.012125807 | C3: 0.0069036573 | D3: 0.0065188837 | E3: -0.0044815707 | F3: -0.00031746476 | G3: -0.012271026 | H3: -0.078472556 | I3: 0.011052902 | J3: -0.016406292 | K3: -0.008060274
B4: -0.006197722 | C4: -0.014587891 | D4: 0.004749614 | E4: -0.0010232382 | F4: -0.0034931867 | G4: -0.0066896311 | H4: -0.12568297 | I4: -0.012658201 | J4: -0.011914262 | K4: -0.00070660504 | M4: Covariance Matrix:
B5: 0.0068437567 | C5: -0.0014804737 | D5: 0.023635556 | E5: 0.0077837007 | F5: 0.010834939 | G5: -0.0010994678 | H5: -0.16093749 | I5: 0.0064103046 | J5: 0.010852135 | K5: 0.015732713 | N5: Aapl | O5: Bidu | P5: Msft | Q5: Cop | R5: Dis | S5: Goog | T5: Tsla | U5: Ttm | V5: Wfc | W5: Xom
B6: 0.04038137 | C6: 0.072943013 | D6: 0.020151098 | E6: 0.039837604 | F6: 0.044766682 | G6: 0.032402993 | H6: -0.019242767 | I6: 0.0017370002 | J6: 0.060039782 | K6: 0.016881334 | M6: Aapl | N6: =VARP('Full Portfolio'!$B$3:$B$1513) -> 0.00027260181 | O6: 0.00014020363 | P6: 9.1197689e-05 | Q6: 8.6396286e-05 | R6: 7.9833364e-05 | S6: 0.00010334608 | T6: 0.00012384515 | U6: 0.00012624627 | V6: 9.953054e-05 | W6: 6.7677521e-05
B7: -0.0022423051 | C7: 0.00082903133 | D7: 0.0045267926 | E7: 0.0076231097 | F7: 0.0060350547 | G7: 0.01412711 | H7: 0.10506323 | I7: 0.015028926 | J7: -0.00075024525 | K7: 0.0065035149 | M7: Bidu | N7: 0.00014020363 | O7: =VARP('Full Portfolio'!$C$3:$C$1513) -> 0.00062161449 | P7: 0.0001261591 | Q7: 0.00013579362 | R7: 0.00013076058 | S7: 0.00017083205 | T7: 0.00021329347 | U7: 0.00022128157 | V7: 0.00015476754 | W7: 9.8042449e-05
B8: 0.0059281733 | C8: -0.016981955 | D8: -0.0057353261 | E8: 0.014549026 | F8: 0.012297516 | G8: 0.023939842 | H8: -0.003436369 | I8: 0.0051253069 | J8: 0.013513555 | K8: -0.00051015912 | M8: Msft | N8: 9.1197689e-05 | O8: 0.0001261591 | P8: =VARP('Full Portfolio'!$D$3:$D$1513) -> 0.00021942533 | Q8: 9.5832082e-05 | R8: 9.3516874e-05 | S8: 0.00010777572 | T8: 0.00011421713 | U8: 0.00013382218 | V8: 0.00011389576 | W8: 8.1578374e-05
B9: -0.0089746265 | C9: -0.0066010396 | D9: 0.023073688 | E9: -0.0038242342 | F9: 0.00059260089 | G9: 0.017839983 | H9: -0.020115 | I9: 0.0090651143 | J9: 0.0022222218 | K9: 0.002722016 | M9: Cop | N9: 8.6396286e-05 | O9: 0.00013579362 | P9: 9.5832082e-05 | Q9: =VARP('Full Portfolio'!$E$3:$E$1513) -> 0.00028082163 | R9: 0.00010160881 | S9: 8.6662554e-05 | T9: 0.00014026915 | U9: 0.0001565238 | V9: 0.00013173708 | W9: 0.00014321481
B10: -0.021337814 | C10: 0.051604607 | D10: 0.012082167 | E10: 0.021497304 | F10: 0.020136239 | G10: 0.028098257 | H10: 0.063929623 | I10: 0.039865318 | J10: 0.032520348 | K10: 0.0081438803 | M10: Dis | N10: 7.9833364e-05 | O10: 0.00013076058 | P10: 9.3516874e-05 | Q10: 0.00010160881 | R10: =VARP('Full Portfolio'!$F$3:$F$1513) -> 0.00018848503 | S10: 9.1763337e-05 | T10: 0.00013156761 | U10: 0.00013940383 | V10: 0.00013132847 | W10: 8.8054013e-05
B11: 0.0036934377 | C11: 0.0087389356 | D11: 0.01233587 | E11: -0.0078920099 | F11: -0.0060957811 | G11: 0.0043745099 | H11: 0.093715606 | I11: -0.02807774 | J11: -0.0100215 | K11: -0.0026926978 | M11: Goog | N11: 0.00010334608 | O11: 0.00017083205 | P11: 0.00010777572 | Q11: 8.6662554e-05 | R11: 9.1763337e-05 | S11: =VARP('Full Portfolio'!$G$3:$G$1513) -> 0.00025577447 | T11: 0.00013473204 | U11: 0.00011886448 | V11: 0.00010798853 | W11: 7.4676417e-05
B12: -0.005064686 | C12: 0.0081300814 | D12: 0.002751582 | E12: 0.0011364349 | F12: -0.005549111 | G12: 0.0054544525 | H12: 0.0025201109 | I12: 0.0083333096 | J12: 0.0054229926 | K12: 0.00016878168 | M12: Tsla | N12: 0.00012384515 | O12: 0.00021329347 | P12: 0.00011421713 | Q12: 0.00014026915 | R12: 0.00013156761 | S12: 0.00013473204 | T12: =VARP('Full Portfolio'!$H$3:$H$1513) -> 0.0011700999 | U12: 0.00022268576 | V12: 0.0001369636 | W12: 9.7438987e-05
B13: -0.0061642271 | C13: -0.027895294 | D13: -0.024304226 | E13: -0.019107078 | F13: -0.029955982 | G13: -0.069653028 | H13: 0.037707393 | I13: -0.004407752 | J13: -0.056454531 | K13: -0.022102278 | M13: Ttm | N13: 0.00012624627 | O13: 0.00022128157 | P13: 0.00013382218 | Q13: 0.0001565238 | R13: 0.00013940383 | S13: 0.00011886448 | T13: 0.00022268576 | U13: =VARP('Full Portfolio'!$I$3:$I$1513) -> 0.00061625395 | V13: 0.00017284956 | W13: 0.00011869148
B14: -0.017286892 | C14: -0.0085678908 | D14: 0.013660098 | E14: -0.00019282743 | F14: 0.008477228 | G14: 0.014294737 | H14: 0.061531059 | I14: 0.011068136 | J14: -0.0083840863 | K14: 0.0081090727 | M14: Wfc | N14: 9.953054e-05 | O14: 0.00015476754 | P14: 0.00011389576 | Q14: 0.00013173708 | R14: 0.00013132847 | S14: 0.00010798853 | T14: 0.0001369636 | U14: 0.00017284956 | V14: =VARP('Full Portfolio'!$J$3:$J$1513) -> 0.00024463544 | W14: 0.00011024513
B15: 0.02569426 | C15: 0.015637846 | D15: 0.0099088536 | E15: 0.015817885 | F15: 0.0027018963 | G15: 0.033055884 | H15: -0.073482474 | I15: 0.00054732825 | J15: -0.0042275757 | K15: 0.0088995382 | M15: Xom | N15: 6.7677521e-05 | O15: 9.8042449e-05 | P15: 8.1578374e-05 | Q15: 0.00014321481 | R15: 8.8054013e-05 | S15: 7.4676417e-05 | T15: 9.7438987e-05 | U15: 0.00011869148 | V15: 0.00011024513 | W15: =VARP('Full Portfolio'!$K$3:$K$1513) -> 0.00014332868
B16: 0.00932941 | C16: -0.0098595758 | D16: -0.014128692 | E16: -0.01025437 | F16: -0.017664688 | G16: -0.0084927197 | H16: -0.0039408869 | I16: -0.010940927 | J16: 0.0057892697 | K16: -0.013231593
B17: 0.018801171 | C17: 0.015550389 | D17: 0.028662393 | E17: 0.022064344 | F17: 0.023773206 | G17: 0.015308926 | H17: 0.038575719 | I17: 0.042035382 | J17: 0.051036093 | K17: 0.020801158
B18: 0.0035518192 | C18: 0.048488934 | D18: -0.0011610143 | E18: 0.0097616662 | F18: 0.016076243 | G18: 0.010828947 | H18: 0.013809571 | I18: 0.0015924202 | J18: 0.0010952901 | K18: 0.0057258245 | M18: No Short Selling Portfolio
B19: -0.0025390012 | C19: 0.029592686 | D19: 0.011236001 | E19: 0.011898084 | F19: 0.0079109434 | G19: -0.0022241706 | H19: -0.015969938 | I19: 0.010598785 | J19: 0.017870151 | K19: 0.01121899 | M19: Asset | N19: Mean | O19: Weight | P19: Expected Return | Q19: Stdev Individual | R19: Variance Indiv | S19: Variance Portfolio | T19: stdeV | U19: Sharpe Ratio
B20: 0.018512813 | C20: 0.0087096799 | D20: 0.002298807 | E20: 0.00018368734 | F20: -0.0034884525 | G20: 0.0074851177 | H20: -0.019093173 | I20: -0.0052438983 | J20: 0.017198134 | K20: 0.0069548349 | M20: Aapl | N20: 0.00083929393 | O20: 0.17074723 | P20: =N20*O20 -> 0.00014330711 | Q20: 0.016510658 | R20: =Q20^2 -> 0.00027260181 | U20: =(Q30-0)/T21 -> 0.084187616
B21: -0.011814679 | C21: -0.020599457 | D21: -0.0080274612 | E21: 0 | F21: -0.007001106 | G21: -0.016807753 | H21: 0.0082725065 | I21: 0.014233061 | J21: -0.011271546 | K21: 0.0016444455 | M21: Bidu | N21: 0.00089719644 | O21: 0 | P21: =N21*O21 -> 0 | Q21: 0.024932198 | R21: =Q21^2 -> 0.00062161449 | S21: {=MMULT(TRANSPOSE(O20:O29),MMULT(N6:W15,O20:O29))} -> 0.00015813288 | T21: =SQRT(S21) -> 0.01257509
B22: -0.010921189 | C22: -0.0025189546 | D22: 0.0030828234 | E22: 0.012432719 | F22: -0.0096945164 | G22: 0.0013213467 | H22: -0.017857095 | I22: -0.0072765015 | J22: -0.013537555 | K22: -0.0093580786 | M22: Msft | N22: 0.00074693549 | O22: 0.099127207 | P22: =N22*O22 -> 7.4041629e-05 | Q22: 0.014813012 | R22: =Q22^2 -> 0.00021942533 | S22: {=MMULT(MMULT(TRANSPOSE(O20:O29),N6:W15),O20:O29)} -> 0.00015813288
B23: -0.0033319083 | C23: 0.02790413 | D23: -0.0084518224 | E23: 0.012096753 | F23: -0.00059330407 | G23: -0.00028864432 | H23: -0.020147371 | I23: -0.009947668 | J23: 0.0014445088 | K23: -0.010938012 | M23: Cop | N23: 0.00040281925 | O23: 0 | P23: =N23*O23 -> 0 | Q23: 0.016757733 | R23: =Q23^2 -> 0.00028082163
B24: 0.017881435 | C24: 0.0391843 | D24: 0.020147275 | E24: 0.041832703 | F24: 0.0234491 | G24: 0.01146742 | H24: 0.04914739 | I24: 0.025912196 | J24: 0.030292098 | K24: 0.037868604 | M24: Dis | N24: 0.0008977099 | O24: 0.38795409 | P24: =N24*O24 -> 0.00034827023 | Q24: 0.013728985 | R24: =Q24^2 -> 0.00018848503
B25: 0.00030552342 | C25: 0.0022458984 | D25: -0.0064565551 | E25: 0.00052145694 | F25: -0.0078306413 | G25: -0.0011826562 | H25: 0.049235229 | I25: 0.0030927419 | J25: -0.015750745 | K25: 0.01259289 | M25: Goog | N25: 0.00087825152 | O25: 0.17473389 | P25: =N25*O25 -> 0.0001534603 | Q25: 0.015992951 | R25: =Q25^2 -> 0.00025577447
B26: 0.0040087411 | C26: 0.021346821 | D26: -0.016437283 | E26: -0.0024321588 | F26: 0.018123451 | G26: 0.033664707 | H26: -0.031435124 | I26: -0.0077080981 | J26: -0.0049875606 | K26: 0 | M26: Tsla | N26: 0.0020281441 | O26: 0.16743758 | P26: =N26*O26 -> 0.00033958754 | Q26: 0.034206723 | R26: =Q26^2 -> 0.0011700999
B27: -0.0048672829 | C27: -0.011893742 | D27: -0.013991414 | E27: 0.0048763513 | F27: 0.0043065669 | G27: 0.0035156092 | H27: -0.038099671 | I27: 0.0041429675 | J27: -0.0017902447 | K27: -0.00015948955 | M27: Ttm | N27: 0.00081483095 | O27: 0 | P27: =N27*O27 -> 0 | Q27: 0.024824463 | R27: =Q27^2 -> 0.00061625395
B28: -0.0061520666 | C28: 0.011218873 | D28: 0.0070949059 | E28: -0.013344964 | F28: 0.0005717633 | G28: -0.015508779 | H28: -0.042053837 | I28: 0.04195078 | J28: -0.004662777 | K28: -0.011800318 | M28: Wfc | N28: 0.00062554756 | O28: 0 | P28: =N28*O28 -> 0 | Q28: 0.015640826 | R28: =Q28^2 -> 0.00024463544
B29: 0.0063823346 | C29: 0.011903375 | D29: 0.0023484305 | E29: 0.006674783 | F29: 0.0045714302 | G29: 0.01025548 | H29: 0.00051046452 | I29: 0.0095620832 | J29: 0.017297287 | K29: 0.0077456881 | M29: Xom | N29: 0.00051131218 | O29: 0 | P29: =N29*O29 -> 0 | Q29: 0.011971996 | R29: =Q29^2 -> 0.00014332868 | T29: =T21*100 -> 1.257509
B30: -0.008939829 | C30: 0.0035404866 | D30: -0.021085573 | E30: -0.0076775304 | F30: 0.0036974041 | G30: -0.0032452866 | H30: -0.029081582 | I30: 0.030408807 | J30: -0.01629469 | K30: -0.0083266805 | O30: =SUM(O20:O29) -> 1 | P30: =SUM(P20:P29) -> 0.0010586668 | Q30: =SUMPRODUCT(N20:N29,O20:O29) -> 0.0010586668
B31: -0.035542187 | C31: -0.041424831 | D31: -0.0083765282 | E31: -0.023914206 | F31: -0.030320195 | G31: -0.023763657 | H31: -0.059379976 | I31: 0.041606177 | J31: -0.052934864 | K31: -0.017889043 | O31: 1
B32: 0.0063951835 | C32: -0.018758173 | D32: -0.014883365 | E32: -0.0028822878 | F32: -0.006721182 | G32: 0.0005490488 | H32: -0.016759777 | I32: 0.01439849 | J32: -0.011406843 | K32: -0.002649448
B33: -0.01068359 | C33: 0.0021778584 | D33: -0.003674948 | E33: -0.0059619439 | F33: -0.0091203924 | G33: -0.011503813 | H33: 0.040909091 | I33: -0.013278422 | J33: -0.0061538129 | K33: -0.005312953
B34: -0.0058610129 | C34: 0.01835079 | D34: 0.0040983474 | E34: -0.0016358277 | F34: -0.00059383254 | G34: -0.001562677 | H34: 0.025109225 | I34: 0.018097534 | J34: -0.0061919615 | K34: -0.00050074307
B35: 0.017485068 | C35: 0.0009484529 | D35: 0.013951557 | E35: 0.01711273 | F35: 0.0029708297 | G35: 0.010152595 | H35: 0.019701756 | I35: 0.036007238 | J35: -0.013239877 | K35: 0.015698052 | O35: 0.17473389 | P35: =O35*100 -> 17.473389
B36: 0.0043656099 | C36: -0.017884662 | D36: 0.0044516652 | E36: -0.008054553 | F36: 0.0044431904 | G36: -0.017063523 | H36: -0.019843342 | I36: -0.010558719 | J36: 0.0015784892 | K36: -0.011016097
B37: -0.012605233 | C37: -0.020863435 | D37: -0.015310233 | E37: -0.012811152 | F37: -0.021232715 | G37: -0.02940993 | H37: 0.0010655834 | I37: -0.021787451 | J37: -0.037431015 | K37: -0.014297587
B38: -0.00096047669 | C38: 0.012070402 | D38: -0.0085924825 | E38: -0.014988111 | F38: -0.0042181315 | G38: -0.012714456 | H38: 0.016498083 | I38: 0.030909112 | J38: 0.0069586818 | K38: -0.0067465368
B39: -0.015382188 | C39: -0.034075637 | D39: 0.0020635741 | E39: -0.0033402886 | F39: -0.0036308142 | G39: 0.0044370036 | H39: 0.053926649 | I39: -0.016313976 | J39: -0.015040689 | K39: 0.010358315
B40: -0.023881162 | C40: -0.025576501 | D40: -0.0098846709 | E40: -0.0052131535 | F40: -0.02399032 | G40: -0.027323421 | H40: -0.046199605 | I40: -0.009412795 | J40: -0.024350012 | K40: -0.0094117843
B41: 0.012336879 | C41: 0.012412814 | D41: 0.0024958504 | E41: 0.00056147144 | F41: -0.0009333615 | G41: 0.0071556462 | H41: 0.036458279 | I41: -0.036199156 | J41: -0.0016920017 | K41: -0.00050898401
B42: -0.010745562 | C42: -0.02171143 | D42: -0.011618321 | E42: -0.019640785 | F42: -0.0052943068 | G42: -0.0080066784 | H42: -0.0075376884 | I42: 0.013145605 | J42: -0.0046610132 | K42: -0.0072992789
B43: 0.0055768232 | C43: 0.036161946 | D43: 0.0046179954 | E43: 0.019271128 | F43: 0.026299235 | G43: 0.017406521 | H43: -0.0025315949 | I43: 0.02316961 | J43: 0.021711344 | K43: 0.022571818
B44: 0.0036420477 | C44: -0.026836398 | D44: -0.012118688 | E44: -0.014039725 | F44: -0.013117739 | G44: -0.013381853 | H44: 0.0086294412 | I44: -0.041213802 | J44: -0.031249997 | K44: -0.013377901 | M44: Short Selling Portfolio
B45: 0.0024742987 | C45: 0.015406551 | D45: -0.0071911896 | E45: -0.0045565221 | F45: 0.0058733099 | G45: -0.0058980821 | H45: -0.019627629 | I45: 0.011336832 | J45: 0.012903225 | K45: 0.0018644099 | M45: Asset | N45: Mean | O45: Weight | P45: Expected Return | Q45: Stdev Individual | R45: Variance Indiv | S45: Variance Portfolio | T45: stdeV | U45: Sharpe Ratio
B46: 0.0297408 | C46: 0.04347821 | D46: 0.018321228 | E46: 0.031088888 | F46: 0.029809413 | G46: 0.022910124 | H46: 0.049794713 | I46: 0.022886491 | J46: 0.047133783 | K46: 0.030451687 | M46: Aapl | N46: 0.00083929393 | O46: 0.20655111 | P46: 0.00017335709 | Q46: 0.016510658 | R46: 0.00027260181 | U46: 0.087987281
B47: 0.0073502658 | C47: 0.0094086637 | D47: 0.0016737124 | E47: 0.0068443098 | F47: 0.011936773 | G47: 0.0061912068 | H47: 0.029828752 | I47: 0.024657572 | J47: 0.017842646 | K47: 0.002462668 | M47: Bidu | N47: 0.00089719644 | O47: -0.015011409 | P47: -1.3468183e-05 | Q47: 0.024932198 | R47: 0.00062161449 | T47: 0.013041585
B48: 0.026172887 | C48: 0.020457596 | D48: 0.014619902 | E48: 0.011390882 | F48: 0.022412228 | G48: 0.015371999 | H48: -0.00047483383 | I48: 0.010695172 | J48: 0.029482102 | K48: 0.0042580895 | M48: Msft | N48: 0.00074693549 | O48: 0.15232014 | P48: 0.00011377332 | Q48: 0.014813012 | R48: 0.00021942533
B49: -0.0037098305 | C49: -0.024080735 | D49: -0.013585917 | E49: -0.025249774 | F49: -0.023939964 | G49: -0.012545235 | H49: -0.024227935 | I49: -0.006613759 | J49: -0.035603734 | K49: -0.012557099 | M49: Cop | N49: 0.00040281925 | O49: -0.24573612 | P49: -9.8987238e-05 | Q49: 0.016757733 | R49: 0.00028082163 | S49: {=MMULT(TRANSPOSE(O46:O55),MMULT(N6:W15,O46:O55))} -> 0.00017008294
B50: 0.019820767 | C50: 0.023337852 | D50: -0.0012520675 | E50: 0.012299642 | F50: 0 | G50: 0.013307492 | H50: 0.017526727 | I50: 0.0053261777 | J50: 0.012038476 | K50: 0.0033030734 | M50: Dis | N50: 0.0008977099 | O50: 0.49699161 | P50: 0.00044615429 | Q50: 0.013728985 | R50: 0.00018848503
B51: 0.00057049613 | C51: -0.0042760422 | D51: 0.0033430814 | E51: 0.0075478605 | F51: 0.0070922656 | G51: 0.011900236 | H51: -0.0090909569 | I51: -0.00044151982 | J51: 0.018636072 | K51: 0.0049382695 | M51: Goog | N51: 0.00087825152 | O51: 0.20094993 | P51: 0.00017648458 | Q51: 0.015992951 | R51: 0.00025577447
B52: 0.0012924528 | C52: 0.0059644517 | D52: -0.0066638849 | E52: 0.00036535216 | F52: 0.0020539552 | G52: -8.4010029e-05 | H52: -0.026074313 | I52: 0.0048587242 | J52: 0.0023355208 | K52: 0.0024570207 | M52: Tsla | N52: 0.0020281441 | O52: 0.17946355 | P52: 0.00036397794 | Q52: 0.034206723 | R52: 0.0011700999 | V52: =U46*100 -> 8.7987281
B53: 0.013780763 | C53: 0.02288628 | D53: 0.052830209 | E53: 0.011506839 | F53: 0.0035138944 | G53: 0.01287438 | H53: 0.027268171 | I53: 0.008791212 | J53: 0.02912621 | K53: -0.0032679916 | M53: Ttm | N53: 0.00081483095 | O53: -0.021102241 | P53: -1.7194759e-05 | Q53: 0.024824463 | R53: 0.00061625395
B54: 0.0038196295 | C54: 0.0008115001 | D54: -0.0031859791 | E54: -0.00018051697 | F54: -0.006419635 | G54: -0.0038152923 | H54: 0.019305117 | I54: 0.028758153 | J54: -0.016603804 | K54: 0.00016391895 | M54: Wfc | N54: 0.00062554756 | O54: -0.17425142 | P54: -0.00010900255 | Q54: 0.015640826 | R54: 0.00024463544
B55: 0.0080578875 | C55: -0.00034749217 | D55: 0.0035957232 | E55: 0.0034314645 | F55: 0.0046989418 | G55: 0.00043713641 | H55: 0.040719648 | I55: -0.0228717 | J55: 0.010744456 | K55: -0.00016389209 | M55: Xom | N55: 0.00051131218 | O55: 0.21982485 | P55: 0.00011239912 | Q55: 0.011971996 | R55: 0.00014332868
B56: 0.023499362 | C56: -0.002433453 | D56: 0.0083598365 | E56: -0.0035998718 | F56: -0.0011692652 | G56: 0.00087382416 | H56: -0.047315696 | I56: 0.022540141 | J56: -0.01063024 | K56: -0.00049177612 | O56: 1 | P56: 0.0011474936 | Q56: 0.0011474936
B57: -0.004338854 | C57: -0.0041815892 | D57: -0.0043427021 | E57: -0.0016255107 | F57: 0.011413617 | G57: 0.018895778 | H57: -0.033906445 | I57: -0.012293376 | J57: -0.0019186196 | K57: -0.00311632 | O57: 1
B58: 0.028543468 | C58: 0.048291145 | D58: 0.0083267358 | E58: 0.028224948 | F58: 0.009837974 | G58: 0.036988653 | H58: 0.041028127 | I58: 0.033476417 | J58: 0.021145696 | K58: 0.012668643
B59: 0.0019065283 | C59: 0.014687871 | D59: -0.011010632 | E59: -0.005454916 | F59: -0.011461353 | G59: 0.010191209 | H59: -0.013770134 | I59: 0.0033222691 | J59: -0.0067771425 | K59: -0.0001624542
B60: 0.014025485 | C60: 0.0067989471 | D60: -0.021471121 | E60: -0.008138535 | F60: -0.014782562 | G60: 0.0049468375 | H60: -0.04333168 | I60: -0.0066225364 | J60: -0.021607242 | K60: -0.001462459
B61: 0.0040659902 | C61: 0.035072444 | D61: -0.0073141296 | E61: -0.014984069 | F61: -0.025595863 | G61: -0.0048837194 | H61: -0.015601509 | I61: -0.0024999748 | J61: -0.029833374 | K61: -0.0048819966
B62: 0.011767946 | C62: 0.029464412 | D62: 0.014326666 | E62: 0.020644716 | F62: 0.013888985 | G62: 0.026894957 | H62: 0.027607414 | I62: 0.013784475 | J62: 0.021964838 | K62: 0.0098119141
B63: -0.003968241 | C63: 0.06122864 | D63: -0.0020178196 | E63: -0.0017742539 | F63: -0.0086361158 | G63: 0.0059170237 | H63: 0.021393085 | I63: 0.015657161 | J63: -0.0023446476 | K63: -0.00064778821
B64: -0.014768493 | C64: -0.017145049 | D64: -0.0020218047 | E64: 0.014752813 | F64: -0.0021027301 | G64: -0.0061084881 | H64: 0.042376958 | I64: 0.0036511 | J64: -0.0070505189 | K64: 0.0056717258 | P64: =P56*100 -> 0.11474936
B65: 0.0017778733 | C65: 0.016464132 | D65: -0.0072933374 | E65: 0.0047294582 | F65: -0.0063215813 | G65: 0.00098641538 | H65: 0.027102804 | I65: 0.031527911 | J65: -0.012228807 | K65: -0.0075733392
B66: -0.012597021 | C66: -0.010605457 | D66: -0.00040820477 | E66: 0.0012203196 | F66: 0.0027264518 | G66: -0.0036005586 | H66: -0.071428571 | I66: -0.00039186612 | J66: 0.0031948939 | K66: 0.0032472981
B67: -0.0043347387 | C67: -0.037224711 | D67: -0.0044916557 | E67: 0.0074874725 | F67: 0.0072508241 | G67: -0.00032333733 | H67: 0.0093091622 | I67: 0.0031360346 | J67: 0.017515863 | K67: 0.012137881
B68: -0.013733577 | C68: -0.02611338 | D68: -0.019278041 | E68: -0.010369829 | F68: -0.0059988513 | G68: -0.0062212682 | H68: 0.018932039 | I68: 0.00078158839 | J68: -0.007042244 | K68: -0.0055964533
B69: 0.036965236 | C69: 0.067345624 | D69: 0.018402352 | E69: 0.02672011 | F69: 0.020820855 | G69: 0.030401032 | H69: 0.0061934731 | I69: 0.02499019 | J69: 0.034279012 | K69: 0.01720532
B70: 0.00086529834 | C70: -0.041869475 | D70: 0.0032854183 | E70: 0.015478872 | F70: -0.0032515649 | G70: -0.0072087539 | H70: -0.031250093 | I70: 0.013333379 | J70: 0.0019047323 | K70: 0.010749296
B71: 0.00010368713 | C71: 0.00091459348 | D71: 0.0040933606 | E71: 0.00016748233 | F71: 0.0056345874 | G71: -0.0081220139 | H71: -0.0014662269 | I71: 0 | J71: -0.011406843 | K71: -0.0014075654
B72: 0.016769226 | C72: 0.0013199818 | D72: 0.0016305834 | E72: -0.0016747939 | F72: 0.017693854 | G72: 0.01196196 | H72: 0 | I72: 0.0033834441 | J72: -0.0019230471 | K72: 0.0083006941
B73: 0.0043867566 | C73: 0.011356672 | D73: 0.00081403595 | E73: 0.0030197367 | F73: 0.0017386509 | G73: 0.0046425121 | H73: -0.0093000489 | I73: 0.020232249 | J73: -0.011560737 | K73: 0.0026406508 | N73: 0.21982485 | O73: =N73*100 -> 21.982485
B74: 0.010766492 | C74: -0.001203078 | D74: 0.0097600573 | E74: -0.0030106453 | F74: -0.0026034183 | G74: 0.004732368 | H74: 0 | I74: -0.0036724217 | J74: 0.012865487 | K74: 0.0023236879 | N74: 0.00051131218 | O74: =N74*100 -> 0.051131218
B75: 0.0053594525 | C75: 0.0033125275 | D75: 0.020539683 | E75: 0.0087232646 | F75: 0.012471014 | G75: 0.0035280019 | H75: 0.014822184 | I75: 0.026538929 | J75: -0.0065434737 | K75: 0.0052550902
B76: 0.0072299 | C76: -0.017508755 | D76: -0.0043409883 | E76: 0.0031598241 | F76: -0.0017187293 | G76: -0.0043622227 | H76: 0.010223904 | I76: -0.0014362889 | J76: -0.042231692 | K76: 0.0039975599
B77: 0.041116754 | C77: 0.0046843891 | D77: 0.012287003 | E77: 0.0076261053 | F77: 0.00086090682 | G77: 0.1118814 | H77: -0.010120434 | I77: -0.023372897 | J77: -0.046116519 | K77: -0.0016845357
B78: 0.010357732 | C78: 0.048043765 | D78: 0.010963163 | E78: 0.0078972636 | F78: -0.0037271162 | G78: 0.027034663 | H78: -0.01509255 | I78: 0.027982354 | J78: 0.054707443 | K78: 0.016720308
B79: -0.02676099 | C79: -0.024951663 | D79: -0.027885338 | E79: -0.020568054 | F79: -0.014676213 | G79: -0.015994517 | H79: -0.0088977261 | I79: -0.021131798 | J79: -0.012866977 | K79: -0.017501452
B80: 0.0033603729 | C80: -0.0080341004 | D80: 0.008366498 | E80: 0.021166877 | F80: 0.011098063 | G80: 0.00024673932 | H80: 0.029925238 | I80: 0.016099515 | J80: 0.042769901 | K80: 0.013667066
B81: -0.003252459 | C81: 0.02469754 | D81: 0.0043461338 | E81: -0.0024482954 | F81: 0.0017331266 | G81: 0.0065955608 | H81: 0.004842615 | I81: -0.0043212418 | J81: 0.016796894 | K81: 0.0046962239
B82: -0.0066231682 | C82: 0.046838367 | D82: -0.0015735859 | E82: 0.0089985798 | F82: 0.0083622225 | G82: 0.0008824337 | H82: -0.0014458313 | I82: 0.010849952 | J82: 0.0030733824 | K82: 0.00030150427
B83: 0.0044556683 | C83: 0.023023872 | D83: -0.0074861865 | E83: -0.0053508776 | F83: 0.014011925 | G83: 0.0064812582 | H83: 0.0062741798 | I83: 0.024329101 | J83: -0.014936866 | K83: -0.0021103186
B84: -0.0025579515 | C84: 0.026150369 | D84: 0.028185771 | E84: 0.00048906773 | F84: 0.014100408 | G84: 0.0034063331 | H84: 0.02446048 | I84: 0.011177158 | J84: 0.0073872497 | K84: 0.0049849207
B85: -0.00071410741 | C85: 0.0022198543 | D85: 0.0057914617 | E85: -0.012167222 | F85: -0.0011123626 | G85: -0.0034432012 | H85: -0.016853979 | I85: -0.0037996704 | J85: -0.0061751887 | K85: -0.012926515
B86: -0.0084137979 | C86: -0.0062018692 | D86: 0.0088292637 | E86: -0.0083222983 | F86: 0.016425377 | G86: 0.0034227005 | H86: 0.0090476667 | I86: -0.017683794 | J86: 0.0073786429 | K86: 0.0083752597
... B1513: 0.012711822 | C1513: 0.0045008818 | D1513: 0.012465314 | E1513: -0.0070599392 | F1513: 0.0086615369 | G1513: 0.011679395 | H1513: 0.0099433702 | I1513: 0.030005875 | J1513: 0.0076644878 | K1513: 0.013843814

Sheet Apple
A1: Date | B1: Open | C1: High | D1: Low | E1: Close | F1: Volume | G1: Adj Close | I1: Appls Adj Return | J1: Dji Adj Return
A2: 40359 | B2: 256.70999 | C2: 257.96999 | D2: 250.01 | E2: 251.53 | F2: 184863000 | G2: 33.075655 | I2: AAPL | J2: DJI
A3: 40360 | B3: 254.3 | C3: 254.80001 | D3: 243.22001 | E3: 248.48 | F3: 255724000 | G3: 32.674586 | H3: =(E3-E2)/E2 -> -0.012125802 | I3: =(G3-G2)/G2 -> -0.012125807 | J3: -0.0042448511 | L3: SUMMARY OUTPUT
A4: 40361 | B4: 250.49 | C4: 250.92999 | D4: 243.20001 | E4: 246.93999 | F4: 173460700 | G4: 32.472078 | H4: =(E4-E3)/E3 -> -0.0061977181 | I4: =(G4-G3)/G3 -> -0.006197722 | J4: -0.0047315346
A5: 40365 | B5: 251 | C5: 252.79999 | D5: 246.16 | E5: 248.62999 | F5: 153808900 | G5: 32.694309 | H5: =(E5-E4)/E4 -> 0.0068437639 | I5: =(G5-G4)/G4 -> 0.0068437567 | J5: 0.0058989071 | L5: Regression Statistics
A6: 40366 | B6: 250.49 | C6: 258.77001 | D6: 249.74999 | E6: 258.67001 | F6: 163639000 | G6: 34.01455 | H6: =(E6-E5)/E5 -> 0.040381355 | I6: =(G6-G5)/G5 -> 0.04038137 | J6: 0.028188717 | L6: Multiple R | M6: 0.49649556
A7: 40367 | B7: 262.48 | C7: 262.90001 | D7: 254.89 | E7: 258.08999 | F7: 184536100 | G7: 33.938279 | H7: =(E7-E6)/E6 -> -0.0022422894 | I7: =(G7-G6)/G6 -> -0.0022423051 | J7: 0.01204897 | L7: R Square | M7: 0.24650784
A8: 40368 | B8: 256.88999 | C8: 259.89999 | D8: 255.15999 | E8: 259.61999 | F8: 108330600 | G8: 34.139471 | H8: =(E8-E7)/E7 -> 0.0059281415 | I8: =(G8-G7)/G7 -> 0.0059281733 | J8: 0.005823069 | L8: Adjusted R Square | M8: 0.24600851
A9: 40371 | B9: 258.53 | C9: 261.85 | D9: 254.86001 | E9: 257.29 | F9: 140719600 | G9: 33.833082 | H9: =(E9-E8)/E8 -> -0.0089746018 | I9: =(G9-G8)/G8 -> -0.0089746265 | J9: 0.0017885081 | L9: Standard Error | M9: 0.014341393
A10: 40372 | B10: 256.31999 | C10: 256.39999 | D10: 246.42999 | E10: 251.79999 | F10: 297731000 | G10: 33.111158 | H10: =(E10-E9)/E9 -> -0.021337813 | I10: =(G10-G9)/G9 -> -0.021337814 | J10: 0.014364343 | L10: Observations | M10: 1511
A11: 40373 | B11: 249.37999 | C11: 255.80001 | D11: 249.00001 | E11: 252.73 | F11: 203011900 | G11: 33.233452 | H11: =(E11-E10)/E10 -> 0.0036934393 | I11: =(G11-G10)/G10 -> 0.0036934377 | J11: 0.00035705809
A12: 40374 | B12: 248.23001 | C12: 256.96999 | D12: 247.3 | E12: 251.45 | F12: 206216500 | G12: 33.065135 | H12: =(E12-E11)/E11 -> -0.0050647014 | I12: =(G12-G11)/G11 -> -0.005064686 | J12: -0.00071480277 | L12: ANOVA
A13: 40375 | B13: 253.18 | C13: 254.97 | D13: 248.41001 | E13: 249.9 | F13: 259964600 | G13: 32.861314 | H13: =(E13-E12)/E12 -> -0.0061642314 | I13: =(G13-G12)/G12 -> -0.0061642271 | J13: -0.025234228 | M13: df | N13: SS | O13: MS | P13: F | Q13: Significance F
A14: 40378 | B14: 249.88001 | C14: 249.88001 | D14: 239.60001 | E14: 245.58001 | F14: 256119500 | G14: 32.293244 | H14: =(E14-E13)/E13 -> -0.017286882 | I14: =(G14-G13)/G13 -> -0.017286892 | J14: 0.0055981241 | L14: Regression | M14: 1 | N14: 0.10153691 | O14: 0.10153691 | P14: 493.67511 | Q14: 7.4411992e-95
A15: 40379 | B15: 242.9 | C15: 252.89999 | D15: 240.01001 | E15: 251.89001 | F15: 268737700 | G15: 33.122995 | H15: =(E15-E14)/E14 -> 0.025694265 | I15: =(G15-G14)/G14 -> 0.02569426 | J15: 0.0074381597 | L15: Residual | M15: 1509 | N15: 0.31036443 | O15: 0.00020567557
A16: 40380 | B16: 265.08999 | C16: 265.14999 | D16: 253.99999 | E16: 254.24 | F16: 296417800 | G16: 33.432013 | H16: =(E16-E15)/E15 -> 0.0093294172 | I16: =(G16-G15)/G15 -> 0.00932941 | J16: -0.010696981 | L16: Total | M16: 1510 | N16: 0.41190134
A17: 40381 | B17: 257.68 | C17: 260 | D17: 255.31001 | E17: 259.02 | F17: 161329700 | G17: 34.060574 | H17: =(E17-E16)/E16 -> 0.018801141 | I17: =(G17-G16)/G16 -> 0.018801171 | J17: 0.019936657
A18: 40382 | B18: 257.09 | C18: 260.38 | D18: 256.27999 | E18: 259.94 | F18: 133347200 | G18: 34.181551 | H18: =(E18-E17)/E17 -> 0.00355183 | I18: =(G18-G17)/G17 -> 0.0035518192 | J18: 0.0099125497 | M18: Coefficients | N18: Standard Error | O18: t Stat | P18: P-value | Q18: Lower 95% | R18: Upper 95% | S18: Lower 95.0% | T18: Upper 95.0%
A19: 40385 | B19: 260 | C19: 260.1 | D19: 257.71001 | E19: 259.28001 | F19: 105137900 | G19: 34.094764 | H19: =(E19-E18)/E18 -> -0.0025390052 | I19: =(G19-G18)/G18 -> -0.0025390012 | J19: 0.0096703351 | L19: Intercept | M19: 0.00044039568 | N19: 0.00036937942 | O19: 1.1922583 | P19: 0.23334743 | Q19: -0.00028415583 | R19: 0.0011649472 | S19: -0.00028415583 | T19: 0.0011649472
A20: 40386 | B20: 260.87 | C20: 264.8 | D20: 260.3 | E20: 264.08001 | F20: 146192900 | G20: 34.725954 | H20: =(E20-E19)/E19 -> 0.018512816 | I20: =(G20-G19)/G19 -> 0.018512813 | J20: 0.0011648684 | L20: DJI | M20: 0.90008643 | N20: 0.040510126 | O20: 22.218801 | P20: 7.4411992e-95 | Q20: 0.8206243 | R20: 0.97954855 | S20: 0.8206243 | T20: 0.97954855
A21: 40387 | B21: 263.66999 | C21: 265.99001 | D21: 260.24999 | E21: 260.95999 | F21: 129996300 | G21: 34.315678 | H21: =(E21-E20)/E20 -> -0.011814669 | I21: =(G21-G20)/G20 -> -0.011814679 | J21: -0.0037779199
A22: 40388 | B22: 260.71 | C22: 262.64999 | D22: 256.09999 | E22: 258.10999 | F22: 160951700 | G22: 33.94091 | H22: =(E22-E21)/E21 -> -0.010921207 | I22: =(G22-G21)/G21 -> -0.010921189 | J22: -0.0029262785
A23: 40389 | B23: 255.89 | C23: 259.69999 | D23: 254.90001 | E23: 257.25 | F23: 112052500 | G23: 33.827822 | H23: =(E23-E22)/E22 -> -0.0033318857 | I23: =(G23-G22)/G22 -> -0.0033319083 | J23: -0.00011652922
A24: 40392 | B24: 260.44001 | C24: 262.58999 | D24: 259.61999 | E24: 261.85 | F24: 107013900 | G24: 34.432712 | H24: =(E24-E23)/E23 -> 0.017881431 | I24: =(G24-G23)/G23 -> 0.017881435 | J24: 0.019915979
A25: 40393 | B25: 261.01001 | C25: 263.25999 | D25: 259.42001 | E25: 261.93 | F25: 104413400 | G25: 34.443232 | H25: =(E25-E24)/E24 -> 0.00030552607 | I25: =(G25-G24)/G24 -> 0.00030552342 | J25: -0.0035599258 | L25: AAPL ALPHA | M25: =M19 -> 0.00044039568
A26: 40394 | B26: 262.84001 | C26: 264.27999 | D26: 260.30999 | E26: 262.98001 | F26: 105093800 | G26: 34.581306 | H26: =(E26-E25)/E25 -> 0.0040087466 | I26: =(G26-G25)/G25 -> 0.0040087411 | J26: 0.0041414288 | L26: AAPLE BETA | M26: =M20 -> 0.90008643
A27: 40395 | B27: 261.73 | C27: 263.17999 | D27: 260.55 | E27: 261.70001 | F27: 72274300 | G27: 34.412989 | H27: =(E27-E26)/E26 -> -0.0048673015 | I27: =(G27-G26)/G26 -> -0.0048672829 | J27: -0.00051020606
A28: 40396 | B28: 259.77999 | C28: 261.48999 | D28: 257.63001 | E28: 260.09001 | F28: 111224400 | G28: 34.201278 | H28: =(E28-E27)/E27 -> -0.0061520671 | I28: =(G28-G27)/G27 -> -0.0061520666 | J28: -0.0020066454
A29: 40399 | B29: 261.48 | C29: 262.15001 | D29: 259.57 | E29: 261.75 | F29: 75782000 | G29: 34.419562 | H29: =(E29-E28)/E28 -> 0.0063823443 | I29: =(G29-G28)/G28 -> 0.0063823346 | J29: 0.0042418151
A30: 40400 | B30: 259.85001 | C30: 260.44999 | D30: 257.55001 | E30: 259.41 | F30: 112980000 | G30: 34.111857 | H30: =(E30-E29)/E29 -> -0.0089398282 | I30: =(G30-G29)/G29 -> -0.008939829 | J30: -0.005094053 | M30: =M25*100 -> 0.044039568
A31: 40401 | B31: 255.4 | C31: 255.68999 | D31: 249.80999 | E31: 250.19 | F31: 155013600 | G31: 32.899447 | H31: =(E31-E30)/E30 -> -0.035542181 | I31: =(G31-G30)/G30 -> -0.035542187 | J31: -0.024935521
A32: 40402 | B32: 246.69 | C32: 253.1 | D32: 246.12 | E32: 251.79001 | F32: 133730100 | G32: 33.109845 | H32: =(E32-E31)/E31 -> 0.0063951797 | I32: =(G32-G31)/G31 -> 0.0063951835 | J32: -0.0056730749
A33: 40403 | B33: 251.65 | C33: 251.88 | D33: 249.09 | E33: 249.09999 | F33: 88717300 | G33: 32.756113 | H33: =(E33-E32)/E32 -> -0.010683593 | I33: =(G33-G32)/G32 -> -0.01068359 | J33: -0.0016278964
A34: 40406 | B34: 247.58001 | C34: 250.01 | D34: 246.62001 | E34: 247.64001 | F34: 79607500 | G34: 32.564129 | H34: =(E34-E33)/E33 -> -0.00586102 | I34: =(G34-G33)/G33 -> -0.0058610129 | J34: -0.00011070594
A35: 40407 | B35: 250.08001 | C35: 254.62999 | D35: 249.19999 | E35: 251.97001 | F35: 105660100 | G35: 33.133515 | H35: =(E35-E34)/E34 -> 0.017485083 | I35: =(G35-G34)/G34 -> 0.017485068 | J35: 0.010079571
A36: 40408 | B36: 252.36001 | C36: 254.66999 | D36: 251.57999 | E36: 253.07001 | F36: 84924000 | G36: 33.278163 | H36: =(E36-E35)/E35 -> 0.0043655909 | I36: =(G36-G35)/G35 -> 0.0043656099 | J36: 0.00093124832
A37: 40409 | B37: 252.83999 | C37: 253.48001 | D37: 248.68 | E37: 249.88001 | F37: 106676500 | G37: 32.858684 | H37: =(E37-E36)/E36 -> -0.012605231 | I37: =(G37-G36)/G36 -> -0.012605233 | J37: -0.013857186
A38: 40410 | B38: 249.39001 | C38: 253.91999 | D38: 249.00001 | E38: 249.64 | F38: 96057500 | G38: 32.827124 | H38: =(E38-E37)/E37 -> -0.00096048501 | I38: =(G38-G37)/G37 -> -0.00096047669 | J38: -0.0056069188
A39: 40413 | B39: 251.79001 | C39: 252 | D39: 245.24999 | E39: 245.79999 | F39: 103510400 | G39: 32.322171 | H39: =(E39-E38)/E38 -> -0.015382178 | I39: =(G39-G38)/G38 -> -0.015382188 | J39: -0.0038389875
A40: 40414 | B40: 242.66999 | C40: 243.00001 | D40: 238.65 | E40: 239.93 | F40: 150641400 | G40: 31.55028 | H40: =(E40-E39)/E39 -> -0.023881156 | I40: =(G40-G39)/G39 -> -0.023881162 | J40: -0.013166361
A41: 40415 | B41: 238.04 | C41: 243.98999 | D41: 237.20001 | E41: 242.88999 | F41: 149216900 | G41: 31.939512 | H41: =(E41-E40)/E40 -> 0.012336881 | I41: =(G41-G40)/G40 -> 0.012336879 | J41: 0.0019530369
A42: 40416 | B42: 245.45 | C42: 245.75 | D42: 240.28 | E42: 240.28 | F42: 116626300 | G42: 31.596304 | H42: =(E42-E41)/E41 -> -0.010745577 | I42: =(G42-G41)/G41 -> -0.010745562 | J42: -0.007380672
... A1513: 42551 | B1513: 94.440002 | C1513: 95.769997 | D1513: 94.300003 | E1513: 95.599998 | F1513: 35836400 | G1513: 95.599998 | H1513: =(E1513-E1512)/E1512 -> 0.012711822 | I1513: =(G1513-G1512)/G1512 -> 0.012711822 | J1513: 0.013298378
H1514: =MIN(I3:I1513) -> -0.12355796 | I1514: =AVERAGE(I3:I1513) -> 0.00083929393
G1515: =(I1514-0)/I1515 -> 0.050833465 | H1515: =MAX(I3:I1513) -> 0.088741367 | I1515: =STDEVP(I3:I1513) -> 0.016510658

Sheet Bidu
A1: Date | B1: Open | C1: High | D1: Low | E1: Close | F1: Volume | G1: Adj Close | H1: Close Return | I1: Adj Close Return
A2: 40359 | B2: 67.980003 | C2: 70.349998 | D2: 67.68 | E2: 68.080002 | F2: 15191200 | G2: 68.080002 | I2: BDI | J2: DJI
A3: 40360 | B3: 69.349998 | C3: 69.879997 | D3: 65.900002 | E3: 68.550003 | F3: 11540100 | G3: 68.550003 | H3: =(E3-E2)/E2 -> 0.0069036573 | I3: =(G3-G2)/G2 -> 0.0069036573 | J3: -0.0042448511 | L3: SUMMARY OUTPUT
A4: 40361 | B4: 69.379997 | C4: 69.410004 | D4: 67.160004 | E4: 67.550003 | F4: 6293500 | G4: 67.550003 | H4: =(E4-E3)/E3 -> -0.014587891 | I4: =(G4-G3)/G3 -> -0.014587891 | J4: -0.0047315346
A5: 40365 | B5: 69.199997 | C5: 70.059998 | D5: 66.849998 | E5: 67.449997 | F5: 9658200 | G5: 67.449997 | H5: =(E5-E4)/E4 -> -0.0014804737 | I5: =(G5-G4)/G4 -> -0.0014804737 | J5: 0.0058989071 | L5: Regression Statistics
A6: 40366 | B6: 67.519997 | C6: 72.440002 | D6: 67.25 | E6: 72.370003 | F6: 12808300 | G6: 72.370003 | H6: =(E6-E5)/E5 -> 0.072943013 | I6: =(G6-G5)/G5 -> 0.072943013 | J6: 0.028188717 | L6: Multiple R | M6: 0.47933272
A7: 40367 | B7: 73.300003 | C7: 73.75 | D7: 71.099998 | E7: 72.43 | F7: 11403400 | G7: 72.43 | H7: =(E7-E6)/E6 -> 0.00082903133 | I7: =(G7-G6)/G6 -> 0.00082903133 | J7: 0.01204897 | L7: R Square | M7: 0.22975985
A8: 40368 | B8: 70.199997 | C8: 71.839996 | D8: 70.080002 | E8: 71.199997 | F8: 14945000 | G8: 71.199997 | H8: =(E8-E7)/E7 -> -0.016981955 | I8: =(G8-G7)/G7 -> -0.016981955 | J8: 0.005823069 | L8: Adjusted R Square | M8: 0.22924942
A9: 40371 | B9: 70.68 | C9: 71.779999 | D9: 70.349998 | E9: 70.730003 | F9: 8280100 | G9: 70.730003 | H9: =(E9-E8)/E8 -> -0.0066010396 | I9: =(G9-G8)/G8 -> -0.0066010396 | J9: 0.0017885081 | L9: Standard Error | M9: 0.021895822
A10: 40372 | B10: 72.160004 | C10: 74.800003 | D10: 71.389999 | E10: 74.379997 | F10: 13455900 | G10: 74.379997 | H10: =(E10-E9)/E9 -> 0.051604607 | I10: =(G10-G9)/G9 -> 0.051604607 | J10: 0.014364343 | L10: Observations | M10: 1511
A11: 40373 | B11: 75.139999 | C11: 75.480003 | D11: 73.989998 | E11: 75.029999 | F11: 9501900 | G11: 75.029999 | H11: =(E11-E10)/E10 -> 0.0087389356 | I11: =(G11-G10)/G10 -> 0.0087389356 | J11: 0.00035705809
A12: 40374 | B12: 75.010002 | C12: 75.860001 | D12: 74.110001 | E12: 75.639999 | F12: 8528600 | G12: 75.639999 | H12: =(E12-E11)/E11 -> 0.0081300814 | I12: =(G12-G11)/G11 -> 0.0081300814 | J12: -0.00071480277 | L12: ANOVA
A13: 40375 | B13: 75.230003 | C13: 75.699997 | D13: 73.290001 | E13: 73.529999 | F13: 10384900 | G13: 73.529999 | H13: =(E13-E12)/E12 -> -0.027895294 | I13: =(G13-G12)/G12 -> -0.027895294 | J13: -0.025234228 | M13: df | N13: SS | O13: MS | P13: F | Q13: Significance F
A14: 40378 | B14: 71.669998 | C14: 73.389999 | D14: 70.379997 | E14: 72.900002 | F14: 15400600 | G14: 72.900002 | H14: =(E14-E13)/E13 -> -0.0085678908 | I14: =(G14-G13)/G13 -> -0.0085678908 | J14: 0.0055981241 | L14: Regression | M14: 1 | N14: 0.21580412 | O14: 0.21580412 | P14: 450.12925 | Q14: 1.2312866e-87
A15: 40379 | B15: 71.260002 | C15: 74.230003 | D15: 70.75 | E15: 74.040001 | F15: 9721000 | G15: 74.040001 | H15: =(E15-E14)/E14 -> 0.015637846 | I15: =(G15-G14)/G14 -> 0.015637846 | J15: 0.0074381597 | L15: Residual | M15: 1509 | N15: 0.72345537 | O15: 0.00047942702
A16: 40380 | B16: 74.980003 | C16: 76.580002 | D16: 73 | E16: 73.309998 | F16: 18796800 | G16: 73.309998 | H16: =(E16-E15)/E15 -> -0.0098595758 | I16: =(G16-G15)/G15 -> -0.0098595758 | J16: -0.010696981 | L16: Total | M16: 1510 | N16: 0.9392595
A17: 40381 | B17: 76.379997 | C17: 76.459999 | D17: 72.300003 | E17: 74.449997 | F17: 19747500 | G17: 74.449997 | H17: =(E17-E16)/E16 -> 0.015550389 | I17: =(G17-G16)/G16 -> 0.015550389 | J17: 0.019936657
A18: 40382 | B18: 75.400002 | C18: 78.220001 | D18: 74.5 | E18: 78.059998 | F18: 13308300 | G18: 78.059998 | H18: =(E18-E17)/E17 -> 0.048488934 | I18: =(G18-G17)/G17 -> 0.048488934 | J18: 0.0099125497 | M18: Coefficients | N18: Standard Error | O18: t Stat | P18: P-value | Q18: Lower 95% | R18: Upper 95% | S18: Lower 95.0% | T18: Upper 95.0%
A19: 40385 | B19: 78.870003 | C19: 80.870003 | D19: 78.300003 | E19: 80.370003 | F19: 13939300 | G19: 80.370003 | H19: =(E19-E18)/E18 -> 0.029592686 | I19: =(G19-G18)/G18 -> 0.029592686 | J19: 0.0096703351 | L19: Intercept | M19: 0.00031565585 | N19: 0.00056395259 | O19: 0.55972053 | P19: 0.57575314 | Q19: -0.0007905582 | R19: 0.0014218699 | S19: -0.0007905582 | T19: 0.0014218699
A20: 40386 | B20: 80.730003 | C20: 81.989998 | D20: 80.110001 | E20: 81.07 | F20: 10737400 | G20: 81.07 | H20: =(E20-E19)/E19 -> 0.0087096799 | I20: =(G20-G19)/G19 -> 0.0087096799 | J20: 0.0011648684 | L20: DJI | M20: 1.3122063 | N20: 0.061849116 | O20: 21.21625 | P20: 1.2312866e-87 | Q20: 1.1908869 | R20: 1.4335256 | S20: 1.1908869 | T20: 1.4335256
A21: 40387 | B21: 80.779999 | C21: 81.18 | D21: 78.879997 | E21: 79.400002 | F21: 7746700 | G21: 79.400002 | H21: =(E21-E20)/E20 -> -0.020599457 | I21: =(G21-G20)/G20 -> -0.020599457 | J21: -0.0037779199
A22: 40388 | B22: 80.089996 | C22: 80.459999 | D22: 77.639999 | E22: 79.199997 | F22: 9387900 | G22: 79.199997 | H22: =(E22-E21)/E21 -> -0.0025189546 | I22: =(G22-G21)/G21 -> -0.0025189546 | J22: -0.0029262785
A23: 40389 | B23: 79.400002 | C23: 81.550003 | D23: 78.300003 | E23: 81.410004 | F23: 12327800 | G23: 81.410004 | H23: =(E23-E22)/E22 -> 0.02790413 | I23: =(G23-G22)/G22 -> 0.02790413 | J23: -0.00011652922
A24: 40392 | B24: 83.029999 | C24: 84.980003 | D24: 82.900002 | E24: 84.599998 | F24: 13600000 | G24: 84.599998 | H24: =(E24-E23)/E23 -> 0.0391843 | I24: =(G24-G23)/G23 -> 0.0391843 | J24: 0.019915979 | L24: BIDU ALPHA | M24: =M19 -> 0.00031565585
A25: 40393 | B25: 84.620003 | C25: 85.349998 | D25: 82.800003 | E25: 84.790001 | F25: 10146900 | G25: 84.790001 | H25: =(E25-E24)/E24 -> 0.0022458984 | I25: =(G25-G24)/G24 -> 0.0022458984 | J25: -0.0035599258 | L25: BIDU BETA | M25: =M20 -> 1.3122063
A26: 40394 | B26: 85.410004 | C26: 86.910004 | D26: 85.07 | E26: 86.599998 | F26: 11704500 | G26: 86.599998 | H26: =(E26-E25)/E25 -> 0.021346821 | I26: =(G26-G25)/G25 -> 0.021346821 | J26: 0.0041414288
A27: 40395 | B27: 86.260002 | C27: 86.459999 | D27: 84.849998 | E27: 85.57 | F27: 8026600 | G27: 85.57 | H27: =(E27-E26)/E26 -> -0.011893742 | I27: =(G27-G26)/G26 -> -0.011893742 | J27: -0.00051020606
A28: 40396 | B28: 84.639999 | C28: 86.599998 | D28: 84.330002 | E28: 86.529999 | F28: 8692300 | G28: 86.529999 | H28: =(E28-E27)/E27 -> 0.011218873 | I28: =(G28-G27)/G27 -> 0.011218873 | J28: -0.0020066454
A29: 40399 | B29: 87.449997 | C29: 88 | D29: 86.699997 | E29: 87.559998 | F29: 8792800 | G29: 87.559998 | H29: =(E29-E28)/E28 -> 0.011903375 | I29: =(G29-G28)/G28 -> 0.011903375 | J29: 0.0042418151
A30: 40400 | B30: 86.510002 | C30: 88.32 | D30: 85.620003 | E30: 87.870003 | F30: 9241200 | G30: 87.870003 | H30: =(E30-E29)/E29 -> 0.0035404866 | I30: =(G30-G29)/G29 -> 0.0035404866 | J30: -0.005094053
A31: 40401 | B31: 85.75 | C31: 86.349998 | D31: 83.440002 | E31: 84.230003 | F31: 11797200 | G31: 84.230003 | H31: =(E31-E30)/E30 -> -0.041424831 | I31: =(G31-G30)/G30 -> -0.041424831 | J31: -0.024935521
A32: 40402 | B32: 81.849998 | C32: 84.110001 | D32: 80.099998 | E32: 82.650002 | F32: 12296600 | G32: 82.650002 | H32: =(E32-E31)/E31 -> -0.018758173 | I32: =(G32-G31)/G31 -> -0.018758173 | J32: -0.0056730749
A33: 40403 | B33: 82.760002 | C33: 83.5 | D33: 82.040001 | E33: 82.830002 | F33: 6509900 | G33: 82.830002 | H33: =(E33-E32)/E32 -> 0.0021778584 | I33: =(G33-G32)/G32 -> 0.0021778584 | J33: -0.0016278964
A34: 40406 | B34: 82.309998 | C34: 85.269997 | D34: 82.110001 | E34: 84.349998 | F34: 7411800 | G34: 84.349998 | H34: =(E34-E33)/E33 -> 0.01835079 | I34: =(G34-G33)/G33 -> 0.01835079 | J34: -0.00011070594
A35: 40407 | B35: 85.769997 | C35: 86.050003 | D35: 84.300003 | E35: 84.43 | F35: 7173200 | G35: 84.43 | H35: =(E35-E34)/E34 -> 0.0009484529 | I35: =(G35-G34)/G34 -> 0.0009484529 | J35: 0.010079571
A36: 40408 | B36: 84.660004 | C36: 84.800003 | D36: 82.800003 | E36: 82.919998 | F36: 7654500 | G36: 82.919998 | H36: =(E36-E35)/E35 -> -0.017884662 | I36: =(G36-G35)/G35 -> -0.017884662 | J36: 0.00093124832
A37: 40409 | B37: 82.550003 | C37: 83.300003 | D37: 81.010002 | E37: 81.190002 | F37: 8077800 | G37: 81.190002 | H37: =(E37-E36)/E36 -> -0.020863435 | I37: =(G37-G36)/G36 -> -0.020863435 | J37: -0.013857186
... A1513: 42551 | B1513: 165.07001 | C1513: 165.26 | D1513: 162.10001 | E1513: 165.14999 | F1513: 1809300 | G1513: 165.14999 | H1513: =(E1513-E1512)/E1512 -> 0.0045008818 | I1513: =(G1513-G1512)/G1512 -> 0.0045008818 | J1513: 0.013298378
H1514: =MIN(I3:I1513) -> -0.14998986 | I1514: =AVERAGE(I3:I1513) -> 0.00089719644
G1515: =(I1514-0)/I1515 -> 0.035985453 | H1515: =MAX(I3:I1513) -> 0.11008199 | I1515: =STDEVP(I3:I1513) -> 0.024932198

Sheet Msft
A1: Date | B1: Open | C1: High | D1: Low | E1: Close | F1: Volume | G1: Adj Close | I1: Adj Close Return
A2: 40359 | B2: 23.299999 | C2: 23.68 | D2: 22.950001 | E2: 23.01 | F2: 81050500 | G2: 19.541996 | I2: MSFT | J2: DJI
A3: 40360 | B3: 23.09 | C3: 23.32 | D3: 22.73 | E3: 23.16 | F3: 92239400 | G3: 19.669388 | H3: =(E3-E2)/E2 -> 0.0065189048 | I3: =(G3-G2)/G2 -> 0.0065188837 | J3: -0.0042448511 | L3: SUMMARY OUTPUT
A4: 40361 | B4: 23.360001 | C4: 23.48 | D4: 23.049999 | E4: 23.27 | F4: 62485100 | G4: 19.76281 | H4: =(E4-E3)/E3 -> 0.0047495682 | I4: =(G4-G3)/G3 -> 0.004749614 | J4: -0.0047315346
A5: 40365 | B5: 23.700001 | C5: 24.09 | D5: 23.58 | E5: 23.82 | F5: 73592000 | G5: 20.229915 | H5: =(E5-E4)/E4 -> 0.023635582 | I5: =(G5-G4)/G4 -> 0.023635556 | J5: 0.0058989071 | L5: Regression Statistics
A6: 40366 | B6: 23.82 | C6: 24.32 | D6: 23.610001 | E6: 24.299999 | F6: 79965300 | G6: 20.63757 | H6: =(E6-E5)/E5 -> 0.020151092 | I6: =(G6-G5)/G5 -> 0.020151098 | J6: 0.028188717 | L6: Multiple R | M6: 0.64156449
A7: 40367 | B7: 24.6 | C7: 24.620001 | D7: 23.969999 | E7: 24.41 | F7: 50758100 | G7: 20.730992 | H7: =(E7-E6)/E6 -> 0.0045267903 | I7: =(G7-G6)/G6 -> 0.0045267926 | J7: 0.01204897 | L7: R Square | M7: 0.41160499
A8: 40368 | B8: 24.33 | C8: 24.41 | D8: 24.15 | E8: 24.27 | F8: 53806100 | G8: 20.612093 | H8: =(E8-E7)/E7 -> -0.0057353544 | I8: =(G8-G7)/G7 -> -0.0057353261 | J8: 0.005823069 | L8: Adjusted R Square | M8: 0.41121507
A9: 40371 | B9: 24.43 | C9: 24.889999 | D9: 24.42 | E9: 24.83 | F9: 49854200 | G9: 21.08769 | H9: =(E9-E8)/E8 -> 0.023073754 | I9: =(G9-G8)/G8 -> 0.023073688 | J9: 0.0017885081 | L9: Standard Error | M9: 0.011370131
A10: 40372 | B10: 25.139999 | C10: 25.299999 | D10: 24.9 | E10: 25.129999 | F10: 61928700 | G10: 21.342475 | H10: =(E10-E9)/E9 -> 0.012082118 | I10: =(G10-G9)/G9 -> 0.012082167 | J10: 0.014364343 | L10: Observations | M10: 1511
A11: 40373 | B11: 25.5 | C11: 25.610001 | D11: 25.120001 | E11: 25.440001 | F11: 72808100 | G11: 21.605753 | H11: =(E11-E10)/E10 -> 0.012335934 | I11: =(G11-G10)/G10 -> 0.01233587 | J11: 0.00035705809
A12: 40374 | B12: 25.5 | C12: 25.59 | D12: 24.98 | E12: 25.51 | F12: 56934700 | G12: 21.665203 | H12: =(E12-E11)/E11 -> 0.0027515329 | I12: =(G12-G11)/G11 -> 0.002751582 | J12: -0.00071480277 | L12: ANOVA
A13: 40375 | B13: 25.51 | C13: 25.639999 | D13: 24.879999 | E13: 24.889999 | F13: 65064800 | G13: 21.138647 | H13: =(E13-E12)/E12 -> -0.024304234 | I13: =(G13-G12)/G12 -> -0.024304226 | J13: -0.025234228 | M13: df | N13: SS | O13: MS | P13: F | Q13: Significance F
A14: 40378 | B14: 24.959999 | C14: 25.299999 | D14: 24.91 | E14: 25.23 | F14: 38181800 | G14: 21.427403 | H14: =(E14-E13)/E13 -> 0.013660145 | I14: =(G14-G13)/G13 -> 0.013660098 | J14: 0.0055981241 | L14: Regression | M14: 1 | N14: 0.13646832 | O14: 0.13646832 | P14: 1055.6037 | Q14: 5.2494976e-176
A15: 40379 | B15: 24.860001 | C15: 25.48 | D15: 24.700001 | E15: 25.48 | F15: 45530700 | G15: 21.639724 | H15: =(E15-E14)/E14 -> 0.0099088387 | I15: =(G15-G14)/G14 -> 0.0099088536 | J15: 0.0074381597 | L15: Residual | M15: 1509 | N15: 0.19508335 | O15: 0.00012927989
A16: 40380 | B16: 25.6 | C16: 25.65 | D16: 24.98 | E16: 25.120001 | F16: 73297300 | G16: 21.333983 | H16: =(E16-E15)/E15 -> -0.014128689 | I16: =(G16-G15)/G15 -> -0.014128692 | J16: -0.010696981 | L16: Total | M16: 1510 | N16: 0.33155167
A17: 40381 | B17: 25.51 | C17: 25.99 | D17: 25.469999 | E17: 25.84 | F17: 73016400 | G17: 21.945466 | H17: =(E17-E16)/E16 -> 0.028662379 | I17: =(G17-G16)/G16 -> 0.028662393 | J17: 0.019936657
A18: 40382 | B18: 25.84 | C18: 26.02 | D18: 25.25 | E18: 25.809999 | F18: 108520100 | G18: 21.919987 | H18: =(E18-E17)/E17 -> -0.0011610294 | I18: =(G18-G17)/G17 -> -0.0011610143 | J18: 0.0099125497 | M18: Coefficients | N18: Standard Error | O18: t Stat | P18: P-value | Q18: Lower 95% | R18: Upper 95% | S18: Lower 95.0% | T18: Upper 95.0%
A19: 40385 | B19: 25.860001 | C19: 26.200001 | D19: 25.799999 | E19: 26.1 | F19: 67249900 | G19: 22.16628 | H19: =(E19-E18)/E18 -> 0.011235994 | I19: =(G19-G18)/G18 -> 0.011236001 | J19: 0.0096703351 | L19: Intercept | M19: 0.00028448409 | N19: 0.00029285108 | O19: 0.97142921 | P19: 0.33149027 | Q19: -0.00028995422 | R19: 0.00085892241 | S19: -0.00028995422 | T19: 0.00085892241
A20: 40386 | B20: 26.139999 | C20: 26.24 | D20: 25.959999 | E20: 26.16 | F20: 60672100 | G20: 22.217236 | H20: =(E20-E19)/E19 -> 0.0022988506 | I20: =(G20-G19)/G19 -> 0.002298807 | J20: 0.0011648684 | L20: DJI | M20: 1.0434897 | N20: 0.032117204 | O20: 32.490055 | P20: 5.2494976e-176 | Q20: 0.98049063 | R20: 1.1064888 | S20: 0.98049063 | T20: 1.1064888
A21: 40387 | B21: 26.07 | C21: 26.190001 | D21: 25.83 | E21: 25.950001 | F21: 69704800 | G21: 22.038888 | H21: =(E21-E20)/E20 -> -0.0080274847 | I21: =(G21-G20)/G20 -> -0.0080274612 | J21: -0.0037779199
A22: 40388 | B22: 26.129999 | C22: 26.41 | D22: 25.6 | E22: 26.030001 | F22: 69446200 | G22: 22.10683 | H22: =(E22-E21)/E21 -> 0.0030828515 | I22: =(G22-G21)/G21 -> 0.0030828234 | J22: -0.0029262785
A23: 40389 | B23: 25.75 | C23: 25.84 | D23: 25.35 | E23: 25.809999 | F23: 83534800 | G23: 21.919987 | H23: =(E23-E22)/E22 -> -0.0084518629 | I23: =(G23-G22)/G22 -> -0.0084518224 | J23: -0.00011652922
A24: 40392 | B24: 25.99 | C24: 26.379999 | D24: 25.75 | E24: 26.33 | F24: 55044600 | G24: 22.361615 | H24: =(E24-E23)/E23 -> 0.020147269 | I24: =(G24-G23)/G23 -> 0.020147275 | J24: 0.019915979
A25: 40393 | B25: 26.200001 | C25: 26.35 | D25: 25.969999 | E25: 26.16 | F25: 56877700 | G25: 22.217236 | H25: =(E25-E24)/E24 -> -0.0064565135 | I25: =(G25-G24)/G24 -> -0.0064565551 | J25: -0.0035599258
A26: 40394 | B26: 26.15 | C26: 26.24 | D26: 25.440001 | E26: 25.73 | F26: 78531900 | G26: 21.852045 | H26: =(E26-E25)/E25 -> -0.016437309 | I26: =(G26-G25)/G25 -> -0.016437283 | J26: 0.0041414288 | L26: MSFT ALPHA | M26: =M19 -> 0.00028448409
A27: 40395 | B27: 25.49 | C27: 25.58 | D27: 25.209999 | E27: 25.370001 | F27: 64922100 | G27: 21.546304 | H27: =(E27-E26)/E26 -> -0.013991411 | I27: =(G27-G26)/G26 -> -0.013991414 | J27: -0.00051020606 | L27: MSFT BETA | M27: =M20 -> 1.0434897
A28: 40396 | B28: 25.18 | C28: 25.559999 | D28: 25.02 | E28: 25.549999 | F28: 55982100 | G28: 21.699173 | H28: =(E28-E27)/E27 -> 0.007094915 | I28: =(G28-G27)/G27 -> 0.0070949059 | J28: -0.0020066454
A29: 40399 | B29: 25.549999 | C29: 25.73 | D29: 25.370001 | E29: 25.610001 | F29: 57096500 | G29: 21.750132 | H29: =(E29-E28)/E28 -> 0.002348415 | I29: =(G29-G28)/G28 -> 0.0023484305 | J29: 0.0042418151
A30: 40400 | B30: 25.33 | C30: 25.34 | D30: 24.879999 | E30: 25.07 | F30: 87257700 | G30: 21.291518 | H30: =(E30-E29)/E29 -> -0.021085552 | I30: =(G30-G29)/G29 -> -0.021085573 | J30: -0.005094053
A31: 40401 | B31: 24.68 | C31: 24.9 | D31: 24.559999 | E31: 24.860001 | F31: 76746900 | G31: 21.113169 | H31: =(E31-E30)/E30 -> -0.0083765058 | I31: =(G31-G30)/G30 -> -0.0083765282 | J31: -0.024935521
A32: 40402 | B32: 24.42 | C32: 24.68 | D32: 24.360001 | E32: 24.49 | F32: 70240500 | G32: 20.798934 | H32: =(E32-E31)/E31 -> -0.014883386 | I32: =(G32-G31)/G31 -> -0.014883365 | J32: -0.0056730749
A33: 40403 | B33: 24.35 | C33: 24.67 | D33: 24.24 | E33: 24.4 | F33: 45263500 | G33: 20.722499 | H33: =(E33-E32)/E32 -> -0.0036749694 | I33: =(G33-G32)/G32 -> -0.003674948 | J33: -0.0016278964
A34: 40406 | B34: 24.360001 | C34: 24.610001 | D34: 24.299999 | E34: 24.5 | F34: 40909700 | G34: 20.807427 | H34: =(E34-E33)/E33 -> 0.0040983607 | I34: =(G34-G33)/G33 -> 0.0040983474 | J34: -0.00011070594
A35: 40407 | B35: 24.709999 | C35: 24.959999 | D35: 24.6 | E35: 24.709999 | F35: 52912600 | G35: 21.097723 | H35: =(E35-E34)/E34 -> 0.0085713878 | I35: =(G35-G34)/G34 -> 0.013951557 | J35: 0.010079571
A36: 40408 | B36: 24.68 | C36: 24.950001 | D36: 24.41 | E36: 24.82 | F36: 46818900 | G36: 21.191643 | H36: =(E36-E35)/E35 -> 0.0044516797 | I36: =(G36-G35)/G35 -> 0.0044516652 | J36: 0.00093124832
A37: 40409 | B37: 24.620001 | C37: 24.74 | D37: 24.209999 | E37: 24.440001 | F37: 54064600 | G37: 20.867194 | H37: =(E37-E36)/E36 -> -0.015310193 | I37: =(G37-G36)/G36 -> -0.015310233 | J37: -0.013857186
A38: 40410 | B38: 24.309999 | C38: 24.4 | D38: 24.200001 | E38: 24.23 | F38: 49560100 | G38: 20.687893 | H38: =(E38-E37)/E37 -> -0.0085925119 | I38: =(G38-G37)/G37 -> -0.0085924825 | J38: -0.0056069188
A39: 40413 | B39: 24.440001 | C39: 24.639999 | D39: 24.24 | E39: 24.280001 | F39: 51643000 | G39: 20.730584 | H39: =(E39-E38)/E38 -> 0.0020635988 | I39: =(G39-G38)/G38 -> 0.0020635741 | J39: -0.0038389875
... A1513: 42551 | B1513: 50.720001 | C1513: 51.299999 | D1513: 50.5 | E1513: 51.169998 | F1513: 28527800 | G1513: 51.169998 | H1513: =(E1513-E1512)/E1512 -> 0.012465314 | I1513: =(G1513-G1512)/G1512 -> 0.012465314 | J1513: 0.013298378
I1514: =AVERAGE(I3:I1513) -> 0.00074693549
B1515: =0 -> 0 | C1515: =I1514 -> 0.00074693549 | D1515: =I1515 -> 0.014813012 | F1515: =(C1515-0)/D1515 -> 0.050424281 | G1515: =MIN(I3:I1513) -> -0.11399546 | H1515: =MAX(I3:I1513) -> 0.10452237 | I1515: =STDEVP(I3:I1513) -> 0.014813012

Sheet __OpenSolverCache__

Sheet __OpenSolver__
A1: =ModelSheet='Portfolio 1'!A:Z -> #NAME?
A2: =OpenSolver_AdjNum=1 -> #NAME?
A3: =OpenSolver_ChosenSolver=SolveEngine -> #NAME?
A4: =OpenSolver_FastBuild=0 -> #NAME?
A5: =OpenSolver_LinearityCheck=1 -> #NAME?
A6: =solver_adj='Portfolio 1'!G33:H33 -> #NAME?
A7: =solver_lhs1='Portfolio 1'!G33 -> #NAME?
A8: =solver_lhs2='Portfolio 1'!G33 -> #NAME?
A9: =solver_neg=1 -> #NAME?
A10: =solver_num=2 -> #NAME?
A11: =solver_opt='Portfolio 1'!G34 -> #NAME?
A12: =solver_rel1=1 -> #NAME?
A13: =solver_rel2=3 -> #NAME?
A14: =solver_rhs1='Portfolio 1'!J33 -> #NAME?
A15: =solver_rhs2='Portfolio 1'!J34 -> #NAME?
A16: =solver_sho=1 -> #NAME?
A17: =solver_typ=2 -> #NAME?
A18: =solver_val=0 -> #NAME?

Sheet Dji
A1: Date | B1: Open | C1: High | D1: Low | E1: Close | F1: Volume | G1: Adj Close
A2: 40359 | B2: 9868.3398 | C2: 9908.9199 | D2: 9753.8398 | E2: 9774.0195 | F2: 235090000 | G2: 9774.0195
A3: 40360 | B3: 9773.2695 | C3: 9795.4805 | D3: 9621.8896 | E3: 9732.5303 | F3: 262820000 | G3: 9732.5303 | H3: =(E3-E2)/E2 -> -0.0042448511 | I3: =(G3-G2)/G2 -> -0.0042448511
A4: 40361 | B4: 9732.5303 | C4: 9770.8701 | D4: 9614.3203 | E4: 9686.4805 | F4: 199570000 | G4: 9686.4805 | H4: =(E4-E3)/E3 -> -0.0047315346 | I4: =(G4-G3)/G3 -> -0.0047315346
A5: 40365 | B5: 9686.4805 | C5: 9858.1299 | D5: 9659.0098 | E5: 9743.6201 | F5: 261020000 | G5: 9743.6201 | H5: =(E5-E4)/E4 -> 0.0058989071 | I5: =(G5-G4)/G4 -> 0.0058989071
A6: 40366 | B6: 9743.6201 | C6: 10026.6 | D6: 9736.7002 | E6: 10018.28 | F6: 219560000 | G6: 10018.28 | H6: =(E6-E5)/E5 -> 0.028188717 | I6: =(G6-G5)/G5 -> 0.028188717
A7: 40367 | B7: 10019.26 | C7: 10139.86 | D7: 10019.26 | E7: 10138.99 | F7: 192210000 | G7: 10138.99 | H7: =(E7-E6)/E6 -> 0.01204897 | I7: =(G7-G6)/G6 -> 0.01204897
A8: 40368 | B8: 10138.99 | C8: 10201.77 | D8: 10118.41 | E8: 10198.03 | F8: 134810000 | G8: 10198.03 | H8: =(E8-E7)/E7 -> 0.005823069 | I8: =(G8-G7)/G7 -> 0.005823069
A9: 40371 | B9: 10199.24 | C9: 10220.28 | D9: 10146.49 | E9: 10216.27 | F9: 131490000 | G9: 10216.27 | H9: =(E9-E8)/E8 -> 0.0017885081 | I9: =(G9-G8)/G8 -> 0.0017885081
A10: 40372 | B10: 10217.55 | C10: 10407.82 | D10: 10217.55 | E10: 10363.02 | F10: 179040000 | G10: 10363.02 | H10: =(E10-E9)/E9 -> 0.014364343 | I10: =(G10-G9)/G9 -> 0.014364343
A11: 40373 | B11: 10370.96 | C11: 10400.1 | D11: 10303 | E11: 10366.72 | F11: 208530000 | G11: 10366.72 | H11: =(E11-E10)/E10 -> 0.00035705809 | I11: =(G11-G10)/G10 -> 0.00035705809
A12: 40374 | B12: 10367.1 | C12: 10379.74 | D12: 10240.48 | E12: 10359.31 | F12: 210000000 | G12: 10359.31 | H12: =(E12-E11)/E11 -> -0.00071480277 | I12: =(G12-G11)/G11 -> -0.00071480277
A13: 40375 | B13: 10356.2 | C13: 10356.2 | D13: 10079.58 | E13: 10097.9 | F13: 335060000 | G13: 10097.9 | H13: =(E13-E12)/E12 -> -0.025234228 | I13: =(G13-G12)/G12 -> -0.025234228
A14: 40378 | B14: 10098.12 | C14: 10187.28 | D14: 10073.68 | E14: 10154.43 | F14: 176970000 | G14: 10154.43 | H14: =(E14-E13)/E13 -> 0.0055981241 | I14: =(G14-G13)/G13 -> 0.0055981241
... A1513: 42551 | B1513: 17712.76 | C1513: 17930.609 | D1513: 17711.801 | E1513: 17929.99 | F1513: 133030000 | G1513: 17929.99 | H1513: =(E1513-E1512)/E1512 -> 0.013298378 | I1513: =(G1513-G1512)/G1512 -> 0.013298378
G1514: =MIN(I3:I1513) -> -0.055463727 | H1514: Average= | I1514: =AVERAGE(I3:I1513) -> 0.00044317772
C1515: =I1514 -> 0.00044317772 | D1515: =I1515 -> 0.0091074233 | F1515: =(C1515-0)/D1515 -> 0.048661153 | G1515: =MAX((I3:I1513)) -> 0.042407884 | H1515: std= | I1515: =STDEVP(I3:I1513) -> 0.0091074233

Sheet Cop
A1: Date | B1: Open | C1: High | D1: Low | E1: Close | F1: Volume | G1: Adj Close
A2: 40359 | B2: 49.719965 | C2: 50.28996 | D2: 48.969958 | E2: 49.089961 | F2: 19329600 | G2: 29.174816 | I2: COP | J2: DJI
A3: 40360 | B3: 49.239964 | C3: 49.569958 | D3: 48.059956 | E3: 48.869962 | F3: 18899300 | G3: 29.044067 | H3: =(E3-E2)/E2 -> -0.0044815477 | I3: =(G3-G2)/G2 -> -0.0044815707 | J3: -0.0042448511 | L3: SUMMARY OUTPUT
A4: 40361 | B4: 49.169967 | C4: 49.359967 | D4: 48.409957 | E4: 48.819956 | F4: 9494200 | G4: 29.014348 | H4: =(E4-E3)/E3 -> -0.0010232461 | I4: =(G4-G3)/G3 -> -0.0010232382 | J4: -0.0047315346
A5: 40365 | B5: 49.969964 | C5: 50.249967 | D5: 48.609965 | E5: 49.199956 | F5: 20722400 | G5: 29.240187 | H5: =(E5-E4)/E4 -> 0.0077837022 | I5: =(G5-G4)/G4 -> 0.0077837007 | J5: 0.0058989071 | L5: Regression Statistics
A6: 40366 | B6: 49.269968 | C6: 51.259966 | D6: 49.269968 | E6: 51.159965 | F6: 15830600 | G6: 30.405046 | H6: =(E6-E5)/E5 -> 0.039837617 | I6: =(G6-G5)/G5 -> 0.039837604 | J6: 0.028188717 | L6: Multiple R | M6: 0.63510364
A7: 40367 | B7: 52.159955 | C7: 52.169954 | D7: 50.959957 | E7: 51.549963 | F7: 11443900 | G7: 30.636827 | H7: =(E7-E6)/E6 -> 0.0076231092 | I7: =(G7-G6)/G6 -> 0.0076231097 | J7: 0.01204897 | L7: R Square | M7: 0.40335663
A8: 40368 | B8: 51.649959 | C8: 52.469958 | D8: 51.39996 | E8: 52.299965 | F8: 11313200 | G8: 31.082563 | H8: =(E8-E7)/E7 -> 0.014549031 | I8: =(G8-G7)/G7 -> 0.014549026 | J8: 0.005823069 | L8: Adjusted R Square | M8: 0.40296124
A9: 40371 | B9: 52.039958 | C9: 52.639957 | D9: 51.77996 | E9: 52.099956 | F9: 12374900 | G9: 30.963696 | H9: =(E9-E8)/E8 -> -0.0038242664 | I9: =(G9-G8)/G8 -> -0.0038242342 | J9: 0.0017885081 | L9: Standard Error | M9: 0.0129527
A10: 40372 | B10: 52.889956 | C10: 53.649956 | D10: 52.689958 | E10: 53.219965 | F10: 11283200 | G10: 31.629332 | H10: =(E10-E9)/E9 -> 0.021497312 | I10: =(G10-G9)/G9 -> 0.021497304 | J10: 0.014364343 | L10: Observations | M10: 1511
A11: 40373 | B11: 53.089964 | C11: 53.459956 | D11: 52.469958 | E11: 52.799952 | F11: 10444800 | G11: 31.379713 | H11: =(E11-E10)/E10 -> -0.0078920195 | I11: =(G11-G10)/G10 -> -0.0078920099 | J11: 0.00035705809
A12: 40374 | B12: 52.739963 | C12: 53.029965 | D12: 52.059959 | E12: 52.859956 | F12: 9567500 | G12: 31.415374 | H12: =(E12-E11)/E11 -> 0.0011364404 | I12: =(G12-G11)/G11 -> 0.0011364349 | J12: -0.00071480277 | L12: ANOVA
A13: 40375 | B13: 52.599959 | C13: 52.799952 | D13: 51.599954 | E13: 51.849958 | F13: 11406400 | G13: 30.815118 | H13: =(E13-E12)/E12 -> -0.019107053 | I13: =(G13-G12)/G12 -> -0.019107078 | J13: -0.025234228 | M13: df | N13: SS | O13: MS | P13: F | Q13: Significance F
A14: 40378 | B14: 52.199953 | C14: 52.279958 | D14: 51.489959 | E14: 51.839959 | F14: 9327000 | G14: 30.809176 | H14: =(E14-E13)/E13 -> -0.0001928449 | I14: =(G14-G13)/G13 -> -0.00019282743 | J14: 0.0055981241 | L14: Regression | M14: 1 | N14: 0.17115288 | O14: 0.17115288 | P14: 1020.149 | Q14: 1.9323394e-171
A15: 40379 | B15: 50.999954 | C15: 52.859956 | D15: 50.799961 | E15: 52.659958 | F15: 12506700 | G15: 31.296512 | H15: =(E15-E14)/E14 -> 0.015817894 | I15: =(G15-G14)/G14 -> 0.015817885 | J15: 0.0074381597 | L15: Residual | M15: 1509 | N15: 0.2531686 | O15: 0.00016777243
A16: 40380 | B16: 53.079956 | C16: 53.129962 | D16: 51.649959 | E16: 52.119963 | F16: 11407400 | G16: 30.975586 | H16: =(E16-E15)/E15 -> -0.010254376 | I16: =(G16-G15)/G15 -> -0.01025437 | J16: -0.010696981 | L16: Total | M16: 1510 | N16: 0.42432148
A17: 40381 | B17: 52.789959 | C17: 53.889961 | D17: 52.56996 | E17: 53.269956 | F17: 11721700 | G17: 31.659042 | H17: =(E17-E16)/E16 -> 0.022064348 | I17: =(G17-G16)/G16 -> 0.022064344 | J17: 0.019936657
A18: 40382 | B18: 53.229958 | C18: 53.859957 | D18: 52.759955 | E18: 53.78996 | F18: 10457800 | G18: 31.968087 | H18: =(E18-E17)/E17 -> 0.009761675 | I18: =(G18-G17)/G17 -> 0.0097616662 | J18: 0.0099125497 | M18: Coefficients | N18: Standard Error | O18: t Stat | P18: P-value | Q18: Lower 95% | R18: Upper 95% | S18: Lower 95.0% | T18: Upper 95.0%
A19: 40385 | B19: 53.989958 | C19: 54.70996 | D19: 53.769959 | E19: 54.429957 | F19: 8437900 | G19: 32.348446 | H19: =(E19-E18)/E18 -> 0.011898075 | I19: =(G19-G18)/G18 -> 0.011898084 | J19: 0.0096703351 | L19: Intercept | M19: -0.00011507642 | N19: 0.00033361198 | O19: -0.34494091 | P19: 0.73018686 | Q19: -0.00076946877 | R19: 0.00053931593 | S19: -0.00076946877 | T19: 0.00053931593
A20: 40386 | B20: 54.729962 | C20: 54.949951 | D20: 54.119954 | E20: 54.439955 | F20: 10823000 | G20: 32.354388 | H20: =(E20-E19)/E19 -> 0.00018368561 | I20: =(G20-G19)/G19 -> 0.00018368734 | J20: 0.0011648684 | L20: DJI | M20: 1.1685959 | N20: 0.036587484 | O20: 31.939772 | P20: 1.9323394e-171 | Q20: 1.0968282 | R20: 1.2403636 | S20: 1.0968282 | T20: 1.2403636
A21: 40387 | B21: 55.019963 | C21: 55.19995 | D21: 53.809951 | E21: 54.439955 | F21: 14859400 | G21: 32.354388 | H21: =(E21-E20)/E20 -> 0 | I21: =(G21-G20)/G20 -> 0 | J21: -0.0037779199
A22: 40388 | B22: 54.679961 | C22: 55.549951 | D22: 54.119954 | E22: 54.559958 | F22: 14933200 | G22: 32.756641 | H22: =(E22-E21)/E21 -> 0.0022043185 | I22: =(G22-G21)/G21 -> 0.012432719 | J22: -0.0029262785
A23: 40389 | B23: 54.099963 | C23: 55.76995 | D23: 53.889961 | E23: 55.219956 | F23: 15913200 | G23: 33.15289 | H23: =(E23-E22)/E22 -> 0.012096747 | I23: =(G23-G22)/G22 -> 0.012096753 | J23: -0.00011652922
A24: 40392 | B24: 55.999963 | C24: 57.699959 | D24: 55.919952 | E24: 57.529956 | F24: 17988000 | G24: 34.539765 | H24: =(E24-E23)/E23 -> 0.041832703 | I24: =(G24-G23)/G23 -> 0.041832703 | J24: 0.019915979
A25: 40393 | B25: 56.869952 | C25: 57.889959 | D25: 56.799955 | E25: 57.559955 | F25: 12997800 | G25: 34.557776 | H25: =(E25-E24)/E24 -> 0.00052145008 | I25: =(G25-G24)/G24 -> 0.00052145694 | J25: -0.0035599258 | L25: COP ALPHA | M25: =M19 -> -0.00011507642
A26: 40394 | B26: 57.549957 | C26: 58.029953 | D26: 57.049959 | E26: 57.419961 | F26: 13312800 | G26: 34.473726 | H26: =(E26-E25)/E25 -> -0.0024321423 | I26: =(G26-G25)/G25 -> -0.0024321588 | J26: 0.0041414288 | L26: COP BETA | M26: =M20 -> 1.1685959
A27: 40395 | B27: 56.999953 | C27: 57.819952 | D27: 56.87996 | E27: 57.699959 | F27: 11103600 | G27: 34.641832 | H27: =(E27-E26)/E26 -> 0.0048763182 | I27: =(G27-G26)/G26 -> 0.0048763513 | J27: -0.00051020606
A28: 40396 | B28: 57.039961 | C28: 57.539949 | D28: 56.239953 | E28: 56.929956 | F28: 12876900 | G28: 34.179538 | H28: =(E28-E27)/E27 -> -0.013344949 | I28: =(G28-G27)/G27 -> -0.013344964 | J28: -0.0020066454
A29: 40399 | B29: 57.249952 | C29: 57.569948 | D29: 57.089952 | E29: 57.309951 | F29: 8365100 | G29: 34.407679 | H29: =(E29-E28)/E28 -> 0.0066747812 | I29: =(G29-G28)/G28 -> 0.006674783 | J29: 0.0042418151
A30: 40400 | B30: 56.519952 | C30: 57.279952 | D30: 56.319959 | E30: 56.869952 | F30: 12286600 | G30: 34.143513 | H30: =(E30-E29)/E29 -> -0.0076775323 | I30: =(G30-G29)/G29 -> -0.0076775304 | J30: -0.005094053
A31: 40401 | B31: 55.95995 | C31: 55.999963 | D31: 55.19995 | E31: 55.509953 | F31: 13870600 | G31: 33.326998 | H31: =(E31-E30)/E30 -> -0.023914193 | I31: =(G31-G30)/G30 -> -0.023914206 | J31: -0.024935521
A32: 40402 | B32: 54.939958 | C32: 55.639954 | D32: 54.599951 | E32: 55.349957 | F32: 10271300 | G32: 33.23094 | H32: =(E32-E31)/E31 -> -0.0028822939 | I32: =(G32-G31)/G31 -> -0.0028822878 | J32: -0.0056730749
A33: 40403 | B33: 54.859963 | C33: 55.439956 | D33: 54.839956 | E33: 55.019963 | F33: 8487100 | G33: 33.032819 | H33: =(E33-E32)/E32 -> -0.0059619559 | I33: =(G33-G32)/G32 -> -0.0059619439 | J33: -0.0016278964
A34: 40406 | B34: 54.799959 | C34: 54.969957 | D34: 54.299961 | E34: 54.92996 | F34: 9422000 | G34: 32.978783 | H34: =(E34-E33)/E33 -> -0.0016358244 | I34: =(G34-G33)/G33 -> -0.0016358277 | J34: -0.00011070594
A35: 40407 | B35: 55.379957 | C35: 56.249961 | D35: 54.92996 | E35: 55.869962 | F35: 11578100 | G35: 33.54314 | H35: =(E35-E34)/E34 -> 0.017112738 | I35: =(G35-G34)/G34 -> 0.01711273 | J35: 0.010079571
A36: 40408 | B36: 55.859953 | C36: 55.929965 | D36: 54.919962 | E36: 55.419954 | F36: 7930300 | G36: 33.272965 | H36: =(E36-E35)/E35 -> -0.0080545607 | I36: =(G36-G35)/G35 -> -0.008054553 | J36: 0.00093124832
A37: 40409 | B37: 55.109962 | C37: 55.259954 | D37: 54.319962 | E37: 54.70996 | F37: 9833700 | G37: 32.8467 | H37: =(E37-E36)/E36 -> -0.012811162 | I37: =(G37-G36)/G36 -> -0.012811152 | J37: -0.013857186
A38: 40410 | B38: 54.289963 | C38: 54.469955 | D38: 53.289962 | E38: 53.889961 | F38: 12857700 | G38: 32.35439 | H38: =(E38-E37)/E37 -> -0.014988112 | I38: =(G38-G37)/G37 -> -0.014988111 | J38: -0.0056069188
... A1513: 42551 | B1513: 43.720001 | C1513: 44.119999 | D1513: 43.209999 | E1513: 43.599998 | F1513: 9342200 | G1513: 43.34066 | H1513: =(E1513-E1512)/E1512 -> -0.0070599408 | I1513: =(G1513-G1512)/G1512 -> -0.0070599392 | J1513: 0.013298378
H1514: =MIN(I3:I1513) -> -0.092115684 | I1514: =AVERAGE(I3:I1513) -> 0.00040281925
F1515: Sharpe Ratio = | G1515: =(I1514-0)/I1515 -> 0.024037812 | H1515: =MAX(I3:I1513) -> 0.06638998 | I1515: =STDEVP(I3:I1513) -> 0.016757733

Sheet Dis
A1: Date | B1: Open | C1: High | D1: Low | E1: Close | F1: Volume | G1: Adj Close
A2: 40359 | B2: 32.16 | C2: 32.509998 | D2: 31.360001 | E2: 31.5 | F2: 17186400 | G2: 28.872496 | I2: Dis | J2: DJI
A3: 40360 | B3: 31.469999 | C3: 32.099998 | D3: 30.91 | E3: 31.49 | F3: 19906200 | G3: 28.86333 | H3: =(E3-E2)/E2 -> -0.00031746032 | I3: =(G3-G2)/G2 -> -0.00031746476 | J3: -0.0042448511 | L3: SUMMARY OUTPUT
A4: 40361 | B4: 31.559999 | C4: 31.68 | D4: 30.719999 | E4: 31.379999 | F4: 15597300 | G4: 28.762505 | H4: =(E4-E3)/E3 -> -0.0034932042 | I4: =(G4-G3)/G3 -> -0.0034931867 | J4: -0.0047315346
A5: 40365 | B5: 31.77 | C5: 32.299999 | D5: 31.379999 | E5: 31.719999 | F5: 15215500 | G5: 29.074145 | H5: =(E5-E4)/E4 -> 0.010834927 | I5: =(G5-G4)/G4 -> 0.010834939 | J5: 0.0058989071 | L5: Regression Statistics
A6: 40366 | B6: 31.73 | C6: 33.169998 | D6: 31.66 | E6: 33.139999 | F6: 14309500 | G6: 30.375698 | H6: =(E6-E5)/E5 -> 0.04476671 | I6: =(G6-G5)/G5 -> 0.044766682 | J6: 0.028188717 | L6: Multiple R | M6: 0.7493255
A7: 40367 | B7: 33.330002 | C7: 33.540001 | D7: 32.900002 | E7: 33.34 | F7: 10044000 | G7: 30.559017 | H7: =(E7-E6)/E6 -> 0.0060350334 | I7: =(G7-G6)/G6 -> 0.0060350547 | J7: 0.01204897 | L7: R Square | M7: 0.5614887
A8: 40368 | B8: 33.380001 | C8: 33.799999 | D8: 33.369999 | E8: 33.75 | F8: 8530900 | G8: 30.934817 | H8: =(E8-E7)/E7 -> 0.01229754 | I8: =(G8-G7)/G7 -> 0.012297516 | J8: 0.005823069 | L8: Adjusted R Square | M8: 0.56119811
A9: 40371 | B9: 33.580002 | C9: 33.889999 | D9: 33.389999 | E9: 33.77 | F9: 10094300 | G9: 30.953149 | H9: =(E9-E8)/E8 -> 0.00059259259 | I9: =(G9-G8)/G8 -> 0.00059260089 | J9: 0.0017885081 | L9: Standard Error | M9: 0.009097382
A10: 40372 | B10: 34.110001 | C10: 34.669998 | D10: 33.959999 | E10: 34.450001 | F10: 8653000 | G10: 31.576429 | H10: =(E10-E9)/E9 -> 0.020136245 | I10: =(G10-G9)/G9 -> 0.020136239 | J10: 0.014364343 | L10: Observations | M10: 1511
A11: 40373 | B11: 34.240002 | C11: 34.509998 | D11: 33.919998 | E11: 34.240002 | F11: 7955100 | G11: 31.383946 | H11: =(E11-E10)/E10 -> -0.0060957618 | I11: =(G11-G10)/G10 -> -0.0060957811 | J11: 0.00035705809
A12: 40374 | B12: 34.150002 | C12: 34.419998 | D12: 33.599998 | E12: 34.049999 | F12: 10656300 | G12: 31.209793 | H12: =(E12-E11)/E11 -> -0.0055491527 | I12: =(G12-G11)/G11 -> -0.005549111 | J12: -0.00071480277 | L12: ANOVA
A13: 40375 | B13: 33.889999 | C13: 34 | D13: 32.919998 | E13: 33.029999 | F13: 13060100 | G13: 30.274873 | H13: =(E13-E12)/E12 -> -0.029955948 | I13: =(G13-G12)/G12 -> -0.029955982 | J13: -0.025234228 | M13: df | N13: SS | O13: MS | P13: F | Q13: Significance F
A14: 40378 | B14: 33.09 | C14: 33.5 | D14: 32.990002 | E14: 33.310001 | F14: 9647000 | G14: 30.53152 | H14: =(E14-E13)/E13 -> 0.0084772028 | I14: =(G14-G13)/G13 -> 0.008477228 | J14: 0.0055981241 | L14: Regression | M14: 1 | N14: 0.15991247 | O14: 0.15991247 | P14: 1932.1884 | Q14: 2.0517829e-272
A15: 40379 | B15: 33.330002 | C15: 33.450001 | D15: 32.799999 | E15: 33.400002 | F15: 11632000 | G15: 30.614013 | H15: =(E15-E14)/E14 -> 0.0027019213 | I15: =(G15-G14)/G14 -> 0.0027018963 | J15: 0.0074381597 | L15: Residual | M15: 1509 | N15: 0.1248884 | O15: 8.276236e-05
A16: 40380 | B16: 33.470001 | C16: 33.599998 | D16: 32.630001 | E16: 32.810001 | F16: 10151100 | G16: 30.073226 | H16: =(E16-E15)/E15 -> -0.0176647 | I16: =(G16-G15)/G15 -> -0.017664688 | J16: -0.010696981 | L16: Total | M16: 1510 | N16: 0.28480087
A17: 40381 | B17: 33.09 | C17: 33.77 | D17: 33.049999 | E17: 33.59 | F17: 9984500 | G17: 30.788163 | H17: =(E17-E16)/E16 -> 0.023773209 | I17: =(G17-G16)/G16 -> 0.023773206 | J17: 0.019936657
A18: 40382 | B18: 33.52 | C18: 34.209999 | D18: 33.450001 | E18: 34.130001 | F18: 10790200 | G18: 31.283121 | H18: =(E18-E17)/E17 -> 0.016076243 | I18: =(G18-G17)/G17 -> 0.016076243 | J18: 0.0099125497 | M18: Coefficients | N18: Standard Error | O18: t Stat | P18: P-value | Q18: Lower 95% | R18: Upper 95% | S18: Lower 95.0% | T18: Upper 95.0%
A19: 40385 | B19: 34.09 | C19: 34.720001 | D19: 34.09 | E19: 34.400002 | F19: 10104400 | G19: 31.5306 | H19: =(E19-E18)/E18 -> 0.0079109579 | I19: =(G19-G18)/G18 -> 0.0079109434 | J19: 0.0096703351 | L19: Intercept | M19: 0.00039710933 | N19: 0.00023431375 | O19: 1.694776 | P19: 0.090324239 | Q19: -6.2505833e-05 | R19: 0.0008567245 | S19: -6.2505833e-05 | T19: 0.0008567245
A20: 40386 | B20: 34.66 | C20: 34.66 | D20: 33.959999 | E20: 34.279999 | F20: 7103000 | G20: 31.420607 | H20: =(E20-E19)/E19 -> -0.0034884591 | I20: =(G20-G19)/G19 -> -0.0034884525 | J20: 0.0011648684 | L20: DJI | M20: 1.1295707 | N20: 0.02569737 | O20: 43.956665 | P20: 2.0517829e-272 | Q20: 1.0791643 | R20: 1.179977 | S20: 1.0791643 | T20: 1.179977
A21: 40387 | B21: 34.189999 | C21: 34.209999 | D21: 33.799999 | E21: 34.040001 | F21: 6089200 | G21: 31.200628 | H21: =(E21-E20)/E20 -> -0.0070011087 | I21: =(G21-G20)/G20 -> -0.007001106 | J21: -0.0037779199
A22: 40388 | B22: 34.220001 | C22: 34.799999 | D22: 33.419998 | E22: 33.709999 | F22: 9938400 | G22: 30.898153 | H22: =(E22-E21)/E21 -> -0.0096945356 | I22: =(G22-G21)/G21 -> -0.0096945164 | J22: -0.0029262785
A23: 40389 | B23: 33.369999 | C23: 33.880001 | D23: 33.02 | E23: 33.689999 | F23: 7805000 | G23: 30.879821 | H23: =(E23-E22)/E22 -> -0.00059329578 | I23: =(G23-G22)/G22 -> -0.00059330407 | J23: -0.00011652922
A24: 40392 | B24: 34.139999 | C24: 34.68 | D24: 34.130001 | E24: 34.48 | F24: 9948800 | G24: 31.603925 | H24: =(E24-E23)/E23 -> 0.023449125 | I24: =(G24-G23)/G23 -> 0.0234491 | J24: 0.019915979
A25: 40393 | B25: 34.439999 | C25: 34.549999 | D25: 34.02 | E25: 34.209999 | F25: 8503300 | G25: 31.356446 | H25: =(E25-E24)/E24 -> -0.0078306555 | I25: =(G25-G24)/G24 -> -0.0078306413 | J25: -0.0035599258 | L25: DIS ALPHA | M25: =M19 -> 0.00039710933
A26: 40394 | B26: 34.41 | C26: 34.959999 | D26: 34.139999 | E26: 34.830002 | F26: 9840700 | G26: 31.924733 | H26: =(E26-E25)/E25 -> 0.018123444 | I26: =(G26-G25)/G25 -> 0.018123451 | J26: 0.0041414288 | L26: DIS BETA | M26: =M20 -> 1.1295707
A27: 40395 | B27: 34.68 | C27: 35.049999 | D27: 34.560001 | E27: 34.98 | F27: 8407300 | G27: 32.062219 | H27: =(E27-E26)/E26 -> 0.0043065745 | I27: =(G27-G26)/G26 -> 0.0043065669 | J27: -0.00051020606
A28: 40396 | B28: 34.580002 | C28: 35.09 | D28: 34.389999 | E28: 35 | F28: 8061700 | G28: 32.080551 | H28: =(E28-E27)/E27 -> 0.00057175529 | I28: =(G28-G27)/G27 -> 0.0005717633 | J28: -0.0020066454
A29: 40399 | B29: 34.959999 | C29: 35.23 | D29: 34.900002 | E29: 35.16 | F29: 7809300 | G29: 32.227205 | H29: =(E29-E28)/E28 -> 0.0045714286 | I29: =(G29-G28)/G28 -> 0.0045714302 | J29: 0.0042418151
A30: 40400 | B30: 34.889999 | C30: 35.41 | D30: 34.73 | E30: 35.290001 | F30: 12353400 | G30: 32.346362 | H30: =(E30-E29)/E29 -> 0.0036974118 | I30: =(G30-G29)/G29 -> 0.0036974041 | J30: -0.005094053
A31: 40401 | B31: 34.77 | C31: 34.77 | D31: 34.130001 | E31: 34.220001 | F31: 15028900 | G31: 31.365614 | H31: =(E31-E30)/E30 -> -0.030320203 | I31: =(G31-G30)/G30 -> -0.030320195 | J31: -0.024935521
A32: 40402 | B32: 33.849998 | C32: 34.299999 | D32: 33.709999 | E32: 33.990002 | F32: 11809600 | G32: 31.1548 | H32: =(E32-E31)/E31 -> -0.0067211862 | I32: =(G32-G31)/G31 -> -0.006721182 | J32: -0.0056730749
A33: 40403 | B33: 33.790001 | C33: 33.810001 | D33: 33.41 | E33: 33.68 | F33: 11058100 | G33: 30.870656 | H33: =(E33-E32)/E32 -> -0.0091203878 | I33: =(G33-G32)/G32 -> -0.0091203924 | J33: -0.0016278964
A34: 40406 | B34: 33.439999 | C34: 33.75 | D34: 33.110001 | E34: 33.66 | F34: 6917800 | G34: 30.852324 | H34: =(E34-E33)/E33 -> -0.00059382423 | I34: =(G34-G33)/G33 -> -0.00059383254 | J34: -0.00011070594
A35: 40407 | B35: 33.919998 | C35: 33.990002 | D35: 33.509998 | E35: 33.759998 | F35: 9875200 | G35: 30.943981 | H35: =(E35-E34)/E34 -> 0.0029708259 | I35: =(G35-G34)/G34 -> 0.0029708297 | J35: 0.010079571
A36: 40408 | B36: 33.810001 | C36: 34.220001 | D36: 33.400002 | E36: 33.91 | F36: 8325000 | G36: 31.081471 | H36: =(E36-E35)/E35 -> 0.0044431875 | I36: =(G36-G35)/G35 -> 0.0044431904 | J36: 0.00093124832
A37: 40409 | B37: 33.720001 | C37: 33.779999 | D37: 33.060001 | E37: 33.189999 | F37: 12070700 | G37: 30.421527 | H37: =(E37-E36)/E36 -> -0.021232704 | I37: =(G37-G36)/G36 -> -0.021232715 | J37: -0.013857186
A38: 40410 | B38: 33 | C38: 33.200001 | D38: 32.709999 | E38: 33.049999 | F38: 8632700 | G38: 30.293205 | H38: =(E38-E37)/E37 -> -0.0042181381 | I38: =(G38-G37)/G37 -> -0.0042181315 | J38: -0.0056069188
... A1513: 42551 | B1513: 97.099998 | C1513: 98.07 | D1513: 96.879997 | E1513: 97.82 | F1513: 7189500 | G1513: 97.114541 | H1513: =(E1513-E1512)/E1512 -> 0.0086615485 | I1513: =(G1513-G1512)/G1512 -> 0.0086615369 | J1513: 0.013298378
H1514: =MIN(I3:I1513) -> -0.091708467 | I1514: =AVERAGE(I3:I1513) -> 0.0008977099
F1515: Sharpe Ratio = | G1515: =(I1514-0)/I1515 -> 0.06538793 | H1515: =MAX(I3:I1513) -> 0.076301815 | I1515: =STDEVP(I3:I1513) -> 0.013728985

Sheet Goog
A1: Date | B1: Open | C1: High | D1: Low | E1: Close | F1: Volume | G1: Adj Close
A2: 40359 | B2: 454.96079 | C2: 457.8308 | D2: 444.72075 | E2: 444.95077 | F2: 7233400 | G2: 222.25313 | I2: Goog | J2: Dji
A3: 40360 | B3: 445.29075 | C3: 448.40076 | D3: 433.63074 | E3: 439.49077 | F3: 7053500 | G3: 219.52586 | H3: =(E3-E2)/E2 -> -0.012271029 | I3: =(G3-G2)/G2 -> -0.012271026 | J3: -0.0042448511 | L3: SUMMARY OUTPUT
A4: 40361 | B4: 441.62076 | C4: 442.28076 | D4: 436.00074 | E4: 436.55073 | F4: 3886400 | G4: 218.05731 | H4: =(E4-E3)/E3 -> -0.0066896286 | I4: =(G4-G3)/G3 -> -0.0066896311 | J4: -0.0047315346
A5: 40365 | B5: 444.00075 | C5: 447.67077 | D5: 433.63074 | E5: 436.07076 | F5: 5139300 | G5: 217.81756 | H5: =(E5-E4)/E4 -> -0.001099469 | I5: =(G5-G4)/G4 -> -0.0010994678 | J5: 0.0058989071 | L5: Regression Statistics
A6: 40366 | B6: 438.31076 | C6: 451.29077 | D6: 435.38074 | E6: 450.20076 | F6: 6282800 | G6: 224.8755 | H6: =(E6-E5)/E5 -> 0.032402996 | I6: =(G6-G5)/G5 -> 0.032402993 | J6: 0.028188717 | L6: Multiple R | M6: 0.55392861
A7: 40367 | B7: 453.55077 | C7: 457.33079 | D7: 449.66078 | E7: 456.56079 | F7: 5357700 | G7: 228.05235 | H7: =(E7-E6)/E6 -> 0.014127106 | I7: =(G7-G6)/G6 -> 0.01412711 | J7: 0.01204897 | L7: R Square | M7: 0.30683691
A8: 40368 | B8: 471.9608 | C8: 473.26082 | D8: 462.78078 | E8: 467.49079 | F8: 8695400 | G8: 233.51188 | H8: =(E8-E7)/E7 -> 0.023939844 | I8: =(G8-G7)/G7 -> 0.023939842 | J8: 0.005823069 | L8: Adjusted R Square | M8: 0.30637756
A9: 40371 | B9: 472.37081 | C9: 479.44083 | D9: 471.0808 | E9: 475.83081 | F9: 6693700 | G9: 237.67773 | H9: =(E9-E8)/E8 -> 0.017839981 | I9: =(G9-G8)/G8 -> 0.017839983 | J9: 0.0017885081 | L9: Standard Error | M9: 0.013323978
A10: 40372 | B10: 482.25083 | C10: 492.99084 | D10: 480.28082 | E10: 489.20083 | F10: 7982300 | G10: 244.35606 | H10: =(E10-E9)/E9 -> 0.02809826 | I10: =(G10-G9)/G9 -> 0.028098257 | J10: 0.014364343 | L10: Observations | M10: 1511
A11: 40373 | B11: 489.88083 | C11: 493.83083 | D11: 486.46083 | E11: 491.34085 | F11: 6259300 | G11: 245.425 | H11: =(E11-E10)/E10 -> 0.0043745101 | I11: =(G11-G10)/G10 -> 0.0043745099 | J11: 0.00035705809
A12: 40374 | B12: 491.73085 | C12: 494.70084 | D12: 482.68084 | E12: 494.02084 | F12: 9752800 | G12: 246.76366 | H12: =(E12-E11)/E11 -> 0.0054544519 | I12: =(G12-G11)/G11 -> 0.0054544525 | J12: -0.00071480277 | L12: ANOVA
A13: 40375 | B13: 469.12081 | C13: 470.56082 | D13: 459.5208 | E13: 459.61079 | F13: 15708200 | G13: 229.57582 | H13: =(E13-E12)/E12 -> -0.069653031 | I13: =(G13-G12)/G12 -> -0.069653028 | J13: -0.025234228 | M13: df | N13: SS | O13: MS | P13: F | Q13: Significance F
A14: 40378 | B14: 461.0108 | C14: 469.6508 | D14: 457.52077 | E14: 466.18081 | F14: 9134700 | G14: 232.85755 | H14: =(E14-E13)/E13 -> 0.01429474 | I14: =(G14-G13)/G13 -> 0.014294737 | J14: 0.0055981241 | L14: Regression | M14: 1 | N14: 0.11858486 | O14: 0.11858486 | P14: 667.97685 | Q14: 3.0113034e-122
A15: 40379 | B15: 461.0308 | C15: 482.99083 | D15: 460.60079 | E15: 481.59083 | F15: 8139300 | G15: 240.55486 | H15: =(E15-E14)/E14 -> 0.033055884 | I15: =(G15-G14)/G14 -> 0.033055884 | J15: 0.0074381597 | L15: Residual | M15: 1509 | N15: 0.26789036 | O15: 0.0001775284
A16: 40380 | B16: 484.00083 | C16: 485.70082 | D16: 475.43082 | E16: 477.50081 | F16: 6583700 | G16: 238.51189 | H16: =(E16-E15)/E15 -> -0.008492724 | I16: =(G16-G15)/G15 -> -0.0084927197 | J16: -0.010696981 | L16: Total | M16: 1510 | N16: 0.38647522
A17: 40381 | B17: 483.23084 | C17: 488.98083 | D17: 482.48084 | E17: 484.81084 | F17: 4311400 | G17: 242.16325 | H17: =(E17-E16)/E16 -> 0.015308927 | I17: =(G17-G16)/G16 -> 0.015308926 | J17: 0.019936657
A18: 40382 | B18: 480.77081 | C18: 490.59085 | D18: 480.01083 | E18: 490.06083 | F18: 4545700 | G18: 244.78563 | H18: =(E18-E17)/E17 -> 0.010828947 | I18: =(G18-G17)/G17 -> 0.010828947 | J18: 0.0099125497 | M18: Coefficients | N18: Standard Error | O18: t Stat | P18: P-value | Q18: Lower 95% | R18: Upper 95% | S18: Lower 95.0% | T18: Upper 95.0%
A19: 40385 | B19: 489.09083 | C19: 490.75084 | D19: 484.88083 | E19: 488.97085 | F19: 4005200 | G19: 244.24118 | H19: =(E19-E18)/E18 -> -0.0022241708 | I19: =(G19-G18)/G18 -> -0.0022241706 | J19: 0.0096703351 | L19: Intercept | M19: 0.00044716465 | N19: 0.0003431747 | O19: 1.3030233 | P19: 0.19276558 | Q19: -0.00022598533 | R19: 0.0011203146 | S19: -0.00022598533 | T19: 0.0011203146
A20: 40386 | B20: 490.58084 | C20: 497.50085 | D20: 490.17083 | E20: 492.63085 | F20: 4920700 | G20: 246.06936 | H20: =(E20-E19)/E19 -> 0.007485119 | I20: =(G20-G19)/G19 -> 0.0074851177 | J20: 0.0011648684 | L20: Dji | M20: 0.97271782 | N20: 0.037636235 | O20: 25.845248 | P20: 3.0113034e-122 | Q20: 0.89889294 | R20: 1.0465427 | S20: 0.89889294 | T20: 1.0465427
A21: 40387 | B21: 494.94084 | C21: 495.25084 | D21: 482.67082 | E21: 484.35084 | F21: 5010600 | G21: 241.93348 | H21: =(E21-E20)/E20 -> -0.016807754 | I21: =(G21-G20)/G20 -> -0.016807753 | J21: -0.0037779199
A22: 40388 | B22: 485.95084 | C22: 488.88085 | D22: 479.33083 | E22: 484.99083 | F22: 5371000 | G22: 242.25316 | H22: =(E22-E21)/E21 -> 0.0013213439 | I22: =(G22-G21)/G21 -> 0.0013213467 | J22: -0.0029262785
A23: 40389 | B23: 479.65081 | C23: 487.36083 | D23: 479.14082 | E23: 484.85084 | F23: 4304100 | G23: 242.18324 | H23: =(E23-E22)/E22 -> -0.00028864051 | I23: =(G23-G22)/G22 -> -0.00028864432 | J23: -0.00011652922
A24: 40392 | B24: 488.99085 | C24: 493.28083 | D24: 486.94083 | E24: 490.41083 | F24: 3731300 | G24: 244.96045 | H24: =(E24-E23)/E23 -> 0.011467417 | I24: =(G24-G23)/G23 -> 0.01146742 | J24: 0.019915979
A25: 40393 | B25: 490.50086 | C25: 492.46085 | D25: 486.76084 | E25: 489.83084 | F25: 3618100 | G25: 244.67075 | H25: =(E25-E24)/E24 -> -0.0011826554 | I25: =(G25-G24)/G24 -> -0.0011826562 | J25: -0.0035599258
A26: 40394 | B26: 492.18084 | C26: 507.00088 | D26: 491.05085 | E26: 506.32085 | F26: 7653500 | G26: 252.90752 | H26: =(E26-E25)/E25 -> 0.033664708 | I26: =(G26-G25)/G25 -> 0.033664707 | J26: 0.0041414288 | L26: GOOG ALPHA | M26: =M19 -> 0.00044716465
A27: 40395 | B27: 505.89087 | C27: 508.60089 | D27: 503.56088 | E27: 508.10088 | F27: 4858900 | G27: 253.79664 | H27: =(E27-E26)/E26 -> 0.0035156107 | I27: =(G27-G26)/G26 -> 0.0035156092 | J27: -0.00051020606 | L27: GOOG BETA | M27: =M20 -> 0.97271782
A28: 40396 | B28: 505.40088 | C28: 505.74087 | D28: 496.05086 | E28: 500.22085 | F28: 6663800 | G28: 249.86057 | H28: =(E28-E27)/E27 -> -0.015508782 | I28: =(G28-G27)/G27 -> -0.015508779 | J28: -0.0020066454
A29: 40399 | B29: 502.25087 | C29: 505.50086 | D29: 501.36086 | E29: 505.35086 | F29: 3758300 | G29: 252.42301 | H29: =(E29-E28)/E28 -> 0.010255482 | I29: =(G29-G28)/G28 -> 0.01025548 | J29: 0.0042418151
A30: 40400 | B30: 502.35085 | C30: 506.00087 | D30: 498.57086 | E30: 503.71085 | F30: 4163400 | G30: 251.60382 | H30: =(E30-E29)/E29 -> -0.0032452859 | I30: =(G30-G29)/G29 -> -0.0032452866 | J30: -0.005094053
A31: 40401 | B31: 497.73084 | C31: 498.00086 | D31: 491.50084 | E31: 491.74084 | F31: 4462600 | G31: 245.6248 | H31: =(E31-E30)/E30 -> -0.023763657 | I31: =(G31-G30)/G30 -> -0.023763657 | J31: -0.024935521
A32: 40402 | B32: 483.94083 | C32: 494.75083 | D32: 482.51083 | E32: 492.01083 | F32: 4425700 | G32: 245.75966 | H32: =(E32-E31)/E31 -> 0.00054904937 | I32: =(G32-G31)/G31 -> 0.0005490488 | J32: -0.0056730749
A33: 40403 | B33: 489.00084 | C33: 491.19084 | D33: 486.01085 | E33: 486.35083 | F33: 3883800 | G33: 242.93248 | H33: =(E33-E32)/E32 -> -0.011503812 | I33: =(G33-G32)/G32 -> -0.011503813 | J33: -0.0016278964
A34: 40406 | B34: 483.68082 | C34: 489.87085 | D34: 480.50082 | E34: 485.59082 | F34: 2619700 | G34: 242.55286 | H34: =(E34-E33)/E33 -> -0.0015626806 | I34: =(G34-G33)/G33 -> -0.001562677 | J34: -0.00011070594
A35: 40407 | B35: 488.53085 | C35: 494.70084 | D35: 486.03085 | E35: 490.52083 | F35: 3795400 | G35: 245.0154 | H35: =(E35-E34)/E34 -> 0.010152599 | I35: =(G35-G34)/G34 -> 0.010152595 | J35: 0.010079571
A36: 40408 | B36: 490.44085 | C36: 490.87083 | D36: 481.55082 | E36: 482.15081 | F36: 5392800 | G36: 240.83457 | H36: =(E36-E35)/E35 -> -0.017063528 | I36: =(G36-G35)/G35 -> -0.017063523 | J36: 0.00093124832
A37: 40409 | B37: 481.01081 | C37: 482.51083 | D37: 467.25079 | E37: 467.97079 | F37: 7879300 | G37: 233.75164 | H37: =(E37-E36)/E36 -> -0.029409927 | I37: =(G37-G36)/G36 -> -0.02940993 | J37: -0.013857186
A38: 40410 | B38: 467.97079 | C38: 471.59082 | D38: 461.02078 | E38: 462.0208 | F38: 7864500 | G38: 230.77962 | H38: =(E38-E37)/E37 -> -0.012714456 | I38: =(G38-G37)/G37 -> -0.012714456 | J38: -0.0056069188
A39: 40413 | B39: 461.50079 | C39: 468.2508 | D39: 457.73078 | E39: 464.07079 | F39: 5994700 | G39: 231.80359 | H39: =(E39-E38)/E38 -> 0.0044370016 | I39: =(G39-G38)/G38 -> 0.0044370036 | J39: -0.0038389875
... A1513: 42551 | B1513: 685.46997 | C1513: 692.32001 | D1513: 683.65002 | E1513: 692.09998 | F1513: 1597700 | G1513: 692.09998 | H1513: =(E1513-E1512)/E1512 -> 0.011679395 | I1513: =(G1513-G1512)/G1512 -> 0.011679395 | J1513: 0.013298378
H1514: =MIN(I3:I1513) -> -0.083775073 | I1514: =AVERAGE(I3:I1513) -> 0.00087825152
G1515: =(I1514-0)/I1515 -> 0.054914915 | H1515: =MAX(I3:I1513) -> 0.16052431 | I1515: =STDEVP(I3:I1513) -> 0.015992951

Sheet Tsla
A1: Date | B1: Open | C1: High | D1: Low | E1: Close | F1: Volume | G1: Adj Close
A2: 40359 | B2: 25.790001 | C2: 30.42 | D2: 23.299999 | E2: 23.83 | F2: 17187100 | G2: 23.83 | I2: Tsla | J2: Dji
A3: 40360 | B3: 25 | C3: 25.92 | D3: 20.27 | E3: 21.959999 | F3: 8218800 | G3: 21.959999 | H3: =(E3-E2)/E2 -> -0.078472556 | I3: =(G3-G2)/G2 -> -0.078472556 | J3: -0.0042448511 | L3: SUMMARY OUTPUT
A4: 40361 | B4: 23 | C4: 23.1 | D4: 18.709999 | E4: 19.200001 | F4: 5139800 | G4: 19.200001 | H4: =(E4-E3)/E3 -> -0.12568297 | I4: =(G4-G3)/G3 -> -0.12568297 | J4: -0.0047315346
A5: 40365 | B5: 20 | C5: 20 | D5: 15.83 | E5: 16.110001 | F5: 6866900 | G5: 16.110001 | H5: =(E5-E4)/E4 -> -0.16093749 | I5: =(G5-G4)/G4 -> -0.16093749 | J5: 0.0058989071 | L5: Regression Statistics
A6: 40366 | B6: 16.4 | C6: 16.629999 | D6: 14.98 | E6: 15.8 | F6: 6921700 | G6: 15.8 | H6: =(E6-E5)/E5 -> -0.019242767 | I6: =(G6-G5)/G5 -> -0.019242767 | J6: 0.028188717 | L6: Multiple R | M6: 0.32991253
A7: 40367 | B7: 16.139999 | C7: 17.52 | D7: 15.57 | E7: 17.459999 | F7: 7711400 | G7: 17.459999 | H7: =(E7-E6)/E6 -> 0.10506323 | I7: =(G7-G6)/G6 -> 0.10506323 | J7: 0.01204897 | L7: R Square | M7: 0.10884228
A8: 40368 | B8: 17.58 | C8: 17.9 | D8: 16.549999 | E8: 17.4 | F8: 4050600 | G8: 17.4 | H8: =(E8-E7)/E7 -> -0.003436369 | I8: =(G8-G7)/G7 -> -0.003436369 | J8: 0.005823069 | L8: Adjusted R Square | M8: 0.10825172
A9: 40371 | B9: 17.950001 | C9: 18.07 | D9: 17 | E9: 17.049999 | F9: 2202500 | G9: 17.049999 | H9: =(E9-E8)/E8 -> -0.020115 | I9: =(G9-G8)/G8 -> -0.020115 | J9: 0.0017885081 | L9: Standard Error | M9: 0.032312933
A10: 40372 | B10: 17.389999 | C10: 18.639999 | D10: 16.9 | E10: 18.139999 | F10: 2680100 | G10: 18.139999 | H10: =(E10-E9)/E9 -> 0.063929623 | I10: =(G10-G9)/G9 -> 0.063929623 | J10: 0.014364343 | L10: Observations | M10: 1511
A11: 40373 | B11: 17.940001 | C11: 20.15 | D11: 17.76 | E11: 19.84 | F11: 4195200 | G11: 19.84 | H11: =(E11-E10)/E10 -> 0.093715606 | I11: =(G11-G10)/G10 -> 0.093715606 | J11: 0.00035705809
A12: 40374 | B12: 19.940001 | C12: 21.5 | D12: 19 | E12: 19.889999 | F12: 3739800 | G12: 19.889999 | H12: =(E12-E11)/E11 -> 0.0025201109 | I12: =(G12-G11)/G11 -> 0.0025201109 | J12: -0.00071480277 | L12: ANOVA
A13: 40375 | B13: 20.700001 | C13: 21.299999 | D13: 20.049999 | E13: 20.639999 | F13: 2621300 | G13: 20.639999 | H13: =(E13-E12)/E12 -> 0.037707393 | I13: =(G13-G12)/G12 -> 0.037707393 | J13: -0.025234228 | M13: df | N13: SS | O13: MS | P13: F | Q13: Significance F
A14: 40378 | B14: 21.370001 | C14: 22.25 | D14: 20.92 | E14: 21.91 | F14: 2486500 | G14: 21.91 | H14: =(E14-E13)/E13 -> 0.061531059 | I14: =(G14-G13)/G13 -> 0.061531059 | J14: 0.0055981241 | L14: Regression | M14: 1 | N14: 0.19243543 | O14: 0.19243543 | P14: 184.30295 | Q14: 1.0777759e-39
A15: 40379 | B15: 21.85 | C15: 21.85 | D15: 20.049999 | E15: 20.299999 | F15: 1825300 | G15: 20.299999 | H15: =(E15-E14)/E14 -> -0.073482474 | I15: =(G15-G14)/G14 -> -0.073482474 | J15: 0.0074381597 | L15: Residual | M15: 1509 | N15: 1.5755855 | O15: 0.0010441256
A16: 40380 | B16: 20.66 | C16: 20.9 | D16: 19.5 | E16: 20.219999 | F16: 1252500 | G16: 20.219999 | H16: =(E16-E15)/E15 -> -0.0039408869 | I16: =(G16-G15)/G15 -> -0.0039408869 | J16: -0.010696981 | L16: Total | M16: 1510 | N16: 1.768021
A17: 40381 | B17: 20.5 | C17: 21.25 | D17: 20.370001 | E17: 21 | F17: 957800 | G17: 21 | H17: =(E17-E16)/E16 -> 0.038575719 | I17: =(G17-G16)/G16 -> 0.038575719 | J17: 0.019936657
A18: 40382 | B18: 21.190001 | C18: 21.559999 | D18: 21.059999 | E18: 21.290001 | F18: 653600 | G18: 21.290001 | H18: =(E18-E17)/E17 -> 0.013809571 | I18: =(G18-G17)/G17 -> 0.013809571 | J18: 0.0099125497 | M18: Coefficients | N18: Standard Error | O18: t Stat | P18: P-value | Q18: Lower 95% | R18: Upper 95% | S18: Lower 95.0% | T18: Upper 95.0%
A19: 40385 | B19: 21.5 | C19: 21.5 | D19: 20.299999 | E19: 20.950001 | F19: 922200 | G19: 20.950001 | H19: =(E19-E18)/E18 -> -0.015969938 | I19: =(G19-G18)/G18 -> -0.015969938 | J19: 0.0096703351 | L19: Intercept | M19: 0.0014789919 | N19: 0.0008322575 | O19: 1.7770845 | P19: 0.075755724 | Q19: -0.00015351219 | R19: 0.0031114961 | S19: -0.00015351219 | T19: 0.0031114961
A20: 40386 | B20: 20.91 | C20: 21.18 | D20: 20.26 | E20: 20.549999 | F20: 619700 | G20: 20.549999 | H20: =(E20-E19)/E19 -> -0.019093173 | I20: =(G20-G19)/G19 -> -0.019093173 | J20: 0.0011648684 | L20: Dji | M20: 1.239124 | N20: 0.091274323 | O20: 13.575822 | P20: 1.0777759e-39 | Q20: 1.060086 | R20: 1.418162 | S20: 1.060086 | T20: 1.418162
A21: 40387 | B21: 20.549999 | C21: 20.9 | D21: 20.51 | E21: 20.719999 | F21: 467200 | G21: 20.719999 | H21: =(E21-E20)/E20 -> 0.0082725065 | I21: =(G21-G20)/G20 -> 0.0082725065 | J21: -0.0037779199
A22: 40388 | B22: 20.77 | C22: 20.879999 | D22: 20 | E22: 20.35 | F22: 616000 | G22: 20.35 | H22: =(E22-E21)/E21 -> -0.017857095 | I22: =(G22-G21)/G21 -> -0.017857095 | J22: -0.0029262785
A23: 40389 | B23: 20.200001 | C23: 20.440001 | D23: 19.549999 | E23: 19.940001 | F23: 426900 | G23: 19.940001 | H23: =(E23-E22)/E22 -> -0.020147371 | I23: =(G23-G22)/G22 -> -0.020147371 | J23: -0.00011652922
A24: 40392 | B24: 20.5 | C24: 20.969999 | D24: 20.33 | E24: 20.92 | F24: 718100 | G24: 20.92 | H24: =(E24-E23)/E23 -> 0.04914739 | I24: =(G24-G23)/G23 -> 0.04914739 | J24: 0.019915979 | L24: TSLA ALPHA | M24: =M19 -> 0.0014789919
A25: 40393 | B25: 21 | C25: 21.950001 | D25: 20.82 | E25: 21.950001 | F25: 1230500 | G25: 21.950001 | H25: =(E25-E24)/E24 -> 0.049235229 | I25: =(G25-G24)/G24 -> 0.049235229 | J25: -0.0035599258 | L25: TSLA BETA | M25: =M20 -> 1.239124
A26: 40394 | B26: 21.950001 | C26: 22.18 | D26: 20.85 | E26: 21.26 | F26: 913000 | G26: 21.26 | H26: =(E26-E25)/E25 -> -0.031435124 | I26: =(G26-G25)/G25 -> -0.031435124 | J26: 0.0041414288
A27: 40395 | B27: 21.540001 | C27: 21.549999 | D27: 20.049999 | E27: 20.450001 | F27: 796200 | G27: 20.450001 | H27: =(E27-E26)/E26 -> -0.038099671 | I27: =(G27-G26)/G26 -> -0.038099671 | J27: -0.00051020606
A28: 40396 | B28: 20.1 | C28: 20.16 | D28: 19.52 | E28: 19.59 | F28: 741900 | G28: 19.59 | H28: =(E28-E27)/E27 -> -0.042053837 | I28: =(G28-G27)/G27 -> -0.042053837 | J28: -0.0020066454
A29: 40399 | B29: 19.9 | C29: 19.98 | D29: 19.450001 | E29: 19.6 | F29: 812700 | G29: 19.6 | H29: =(E29-E28)/E28 -> 0.00051046452 | I29: =(G29-G28)/G28 -> 0.00051046452 | J29: 0.0042418151 | M29: =M24*100 -> 0.14789919
A30: 40400 | B30: 19.65 | C30: 19.65 | D30: 18.82 | E30: 19.030001 | F30: 1281300 | G30: 19.030001 | H30: =(E30-E29)/E29 -> -0.029081582 | I30: =(G30-G29)/G29 -> -0.029081582 | J30: -0.005094053
A31: 40401 | B31: 18.690001 | C31: 18.879999 | D31: 17.85 | E31: 17.9 | F31: 797600 | G31: 17.9 | H31: =(E31-E30)/E30 -> -0.059379976 | I31: =(G31-G30)/G30 -> -0.059379976 | J31: -0.024935521
A32: 40402 | B32: 17.799999 | C32: 17.9 | D32: 17.389999 | E32: 17.6 | F32: 691000 | G32: 17.6 | H32: =(E32-E31)/E31 -> -0.016759777 | I32: =(G32-G31)/G31 -> -0.016759777 | J32: -0.0056730749
A33: 40403 | B33: 18.18 | C33: 18.450001 | D33: 17.66 | E33: 18.32 | F33: 634000 | G33: 18.32 | H33: =(E33-E32)/E32 -> 0.040909091 | I33: =(G33-G32)/G32 -> 0.040909091 | J33: -0.0016278964
A34: 40406 | B34: 18.450001 | C34: 18.799999 | D34: 18.26 | E34: 18.780001 | F34: 485800 | G34: 18.780001 | H34: =(E34-E33)/E33 -> 0.025109225 | I34: =(G34-G33)/G33 -> 0.025109225 | J34: -0.00011070594
A35: 40407 | B35: 18.959999 | C35: 19.4 | D35: 18.780001 | E35: 19.15 | F35: 447900 | G35: 19.15 | H35: =(E35-E34)/E34 -> 0.019701756 | I35: =(G35-G34)/G34 -> 0.019701756 | J35: 0.010079571
A36: 40408 | B36: 19.59 | C36: 19.59 | D36: 18.6 | E36: 18.77 | F36: 601300 | G36: 18.77 | H36: =(E36-E35)/E35 -> -0.019843342 | I36: =(G36-G35)/G35 -> -0.019843342 | J36: 0.00093124832
A37: 40409 | B37: 18.540001 | C37: 19.25 | D37: 18.33 | E37: 18.790001 | F37: 579100 | G37: 18.790001 | H37: =(E37-E36)/E36 -> 0.0010655834 | I37: =(G37-G36)/G36 -> 0.0010655834 | J37: -0.013857186
A38: 40410 | B38: 18.65 | C38: 19.110001 | D38: 18.51 | E38: 19.1 | F38: 296000 | G38: 19.1 | H38: =(E38-E37)/E37 -> 0.016498083 | I38: =(G38-G37)/G37 -> 0.016498083 | J38: -0.0056069188
A39: 40413 | B39: 19.09 | C39: 20.389999 | D39: 19 | E39: 20.129999 | F39: 1088100 | G39: 20.129999 | H39: =(E39-E38)/E38 -> 0.053926649 | I39: =(G39-G38)/G38 -> 0.053926649 | J39: -0.0038389875
A40: 40414 | B40: 19.25 | C40: 19.709999 | D40: 18.950001 | E40: 19.200001 | F40: 673100 | G40: 19.200001 | H40: =(E40-E39)/E39 -> -0.046199605 | I40: =(G40-G39)/G39 -> -0.046199605 | J40: -0.013166361
A41: 40415 | B41: 19.16 | C41: 19.98 | D41: 18.559999 | E41: 19.9 | F41: 503300 | G41: 19.9 | H41: =(E41-E40)/E40 -> 0.036458279 | I41: =(G41-G40)/G40 -> 0.036458279 | J41: 0.0019530369
... A1513: 42551 | B1513: 212.97 | C1513: 213.5 | D1513: 209.02 | E1513: 212.28 | F1513: 4843100 | G1513: 212.28 | H1513: =(E1513-E1512)/E1512 -> 0.0099433702 | I1513: =(G1513-G1512)/G1512 -> 0.0099433702 | J1513: 0.013298378
H1514: =MIN(I3:I1513) -> -0.1932743 | I1514: =AVERAGE(I3:I1513) -> 0.0020281441
G1515: =(I1514-0)/I1515 -> 0.059290803 | H1515: =MAX(I3:I1513) -> 0.24395054 | I1515: =STDEVP(I3:I1513) -> 0.034206723

Sheet Ttm
A1: Date | B1: Open | C1: High | D1: Low | E1: Close | F1: Volume | G1: Adj Close
A2: 40359 | B2: 17.059999 | C2: 18 | D2: 17.059999 | E2: 17.190001 | F2: 1214100 | G2: 16.11441 | I2: Ttm | J2: Dji
A3: 40360 | B3: 17 | C3: 17.43 | D3: 16.719999 | E3: 17.379999 | F3: 1210700 | G3: 16.292521 | H3: =(E3-E2)/E2 -> 0.011052821 | I3: =(G3-G2)/G2 -> 0.011052902 | J3: -0.0042448511 | L3: SUMMARY OUTPUT
A4: 40361 | B4: 17.41 | C4: 17.41 | D4: 17 | E4: 17.16 | F4: 506500 | G4: 16.086287 | H4: =(E4-E3)/E3 -> -0.012658171 | I4: =(G4-G3)/G3 -> -0.012658201 | J4: -0.0047315346
A5: 40365 | B5: 17.51 | C5: 17.620001 | D5: 17.01 | E5: 17.27 | F5: 731900 | G5: 16.189405 | H5: =(E5-E4)/E4 -> 0.0064102564 | I5: =(G5-G4)/G4 -> 0.0064103046 | J5: 0.0058989071 | L5: Regression Statistics
A6: 40366 | B6: 16.879999 | C6: 17.459999 | D6: 16.879999 | E6: 17.299999 | F6: 903300 | G6: 16.217526 | H6: =(E6-E5)/E5 -> 0.0017370585 | I6: =(G6-G5)/G5 -> 0.0017370002 | J6: 0.028188717 | L6: Multiple R | M6: 0.54765351
A7: 40367 | B7: 17.58 | C7: 17.68 | D7: 17.200001 | E7: 17.559999 | F7: 879200 | G7: 16.461258 | H7: =(E7-E6)/E6 -> 0.015028903 | I7: =(G7-G6)/G6 -> 0.015028926 | J7: 0.01204897 | L7: R Square | M7: 0.29992437
A8: 40368 | B8: 17.51 | C8: 17.74 | D8: 17.41 | E8: 17.65 | F8: 3221400 | G8: 16.545627 | H8: =(E8-E7)/E7 -> 0.005125342 | I8: =(G8-G7)/G7 -> 0.0051253069 | J8: 0.005823069 | L8: Adjusted R Square | M8: 0.29946044
A9: 40371 | B9: 17.84 | C9: 17.9 | D9: 17.6 | E9: 17.809999 | F9: 662900 | G9: 16.695615 | H9: =(E9-E8)/E8 -> 0.0090650992 | I9: =(G9-G8)/G8 -> 0.0090651143 | J9: 0.0017885081 | L9: Standard Error | M9: 0.020784518
A10: 40372 | B10: 17.969999 | C10: 18.74 | D10: 17.959999 | E10: 18.52 | F10: 1262000 | G10: 17.361191 | H10: =(E10-E9)/E9 -> 0.039865303 | I10: =(G10-G9)/G9 -> 0.039865318 | J10: 0.014364343 | L10: Observations | M10: 1511
A11: 40373 | B11: 18.25 | C11: 18.25 | D11: 17.73 | E11: 18 | F11: 1116200 | G11: 16.873728 | H11: =(E11-E10)/E10 -> -0.028077754 | I11: =(G11-G10)/G10 -> -0.02807774 | J11: 0.00035705809
A12: 40374 | B12: 18.049999 | C12: 18.290001 | D12: 17.92 | E12: 18.15 | F12: 779700 | G12: 17.014342 | H12: =(E12-E11)/E11 -> 0.0083333333 | I12: =(G12-G11)/G11 -> 0.0083333096 | J12: -0.00071480277 | L12: ANOVA
A13: 40375 | B13: 18.299999 | C13: 18.309999 | D13: 18 | E13: 18.07 | F13: 734300 | G13: 16.939347 | H13: =(E13-E12)/E12 -> -0.0044077135 | I13: =(G13-G12)/G12 -> -0.004407752 | J13: -0.025234228 | M13: df | N13: SS | O13: MS | P13: F | Q13: Significance F
A14: 40378 | B14: 18.049999 | C14: 18.27 | D14: 17.84 | E14: 18.27 | F14: 532400 | G14: 17.126834 | H14: =(E14-E13)/E13 -> 0.011068069 | I14: =(G14-G13)/G13 -> 0.011068136 | J14: 0.0055981241 | L14: Regression | M14: 1 | N14: 0.27927749 | O14: 0.27927749 | P14: 646.4814 | Q14: 5.4352812e-119
A15: 40379 | B15: 17.99 | C15: 18.379999 | D15: 17.700001 | E15: 18.280001 | F15: 594300 | G15: 17.136208 | H15: =(E15-E14)/E14 -> 0.00054740011 | I15: =(G15-G14)/G14 -> 0.00054732825 | J15: 0.0074381597 | L15: Residual | M15: 1509 | N15: 0.65188223 | O15: 0.00043199617
A16: 40380 | B16: 18.34 | C16: 18.450001 | D16: 17.959999 | E16: 18.08 | F16: 717900 | G16: 16.948722 | H16: =(E16-E15)/E15 -> -0.010940973 | I16: =(G16-G15)/G15 -> -0.010940927 | J16: -0.010696981 | L16: Total | M16: 1510 | N16: 0.93115972
A17: 40381 | B17: 18.49 | C17: 18.969999 | D17: 18.42 | E17: 18.84 | F17: 983500 | G17: 17.661168 | H17: =(E17-E16)/E16 -> 0.042035398 | I17: =(G17-G16)/G16 -> 0.042035382 | J17: 0.019936657
A18: 40382 | B18: 18.809999 | C18: 18.9 | D18: 18.530001 | E18: 18.870001 | F18: 710900 | G18: 17.689292 | H18: =(E18-E17)/E17 -> 0.0015924098 | I18: =(G18-G17)/G17 -> 0.0015924202 | J18: 0.0099125497 | M18: Coefficients | N18: Standard Error | O18: t Stat | P18: P-value | Q18: Lower 95% | R18: Upper 95% | S18: Lower 95.0% | T18: Upper 95.0%
A19: 40385 | B19: 18.360001 | C19: 19.26 | D19: 18.360001 | E19: 19.07 | F19: 841400 | G19: 17.876777 | H19: =(E19-E18)/E18 -> 0.010598781 | I19: =(G19-G18)/G18 -> 0.010598785 | J19: 0.0096703351 | L19: Intercept | M19: 0.00015327263 | N19: 0.00053532965 | O19: 0.28631449 | P19: 0.77467656 | Q19: -0.00089679644 | R19: 0.0012033417 | S19: -0.00089679644 | T19: 0.0012033417
A20: 40386 | B20: 19.120001 | C20: 19.15 | D20: 18.76 | E20: 18.969999 | F20: 1502300 | G20: 17.783033 | H20: =(E20-E19)/E19 -> -0.0052438909 | I20: =(G20-G19)/G19 -> -0.0052438983 | J20: 0.0011648684 | L20: Dji | M20: 1.4927608 | N20: 0.058710016 | O20: 25.425998 | P20: 5.4352812e-119 | Q20: 1.3775989 | R20: 1.6079227 | S20: 1.3775989 | T20: 1.6079227
A21: 40387 | B21: 18.82 | C21: 19.280001 | D21: 18.82 | E21: 19.24 | F21: 1193000 | G21: 18.03614 | H21: =(E21-E20)/E20 -> 0.014233053 | I21: =(G21-G20)/G20 -> 0.014233061 | J21: -0.0037779199
A22: 40388 | B22: 19.32 | C22: 19.32 | D22: 18.83 | E22: 19.1 | F22: 847800 | G22: 17.9049 | H22: =(E22-E21)/E21 -> -0.0072765073 | I22: =(G22-G21)/G21 -> -0.0072765015 | J22: -0.0029262785
A23: 40389 | B23: 18.719999 | C23: 19.25 | D23: 18.68 | E23: 18.91 | F23: 915600 | G23: 17.726788 | H23: =(E23-E22)/E22 -> -0.009947644 | I23: =(G23-G22)/G22 -> -0.009947668 | J23: -0.00011652922
A24: 40392 | B24: 19.110001 | C24: 19.48 | D24: 19.1 | E24: 19.4 | F24: 725200 | G24: 18.186128 | H24: =(E24-E23)/E23 -> 0.025912216 | I24: =(G24-G23)/G23 -> 0.025912196 | J24: 0.019915979
A25: 40393 | B25: 19.379999 | C25: 19.459999 | D25: 18.799999 | E25: 19.459999 | F25: 724400 | G25: 18.242373 | H25: =(E25-E24)/E24 -> 0.003092732 | I25: =(G25-G24)/G24 -> 0.0030927419 | J25: -0.0035599258
A26: 40394 | B26: 19.440001 | C26: 19.5 | D26: 19.120001 | E26: 19.309999 | F26: 579200 | G26: 18.101759 | H26: =(E26-E25)/E25 -> -0.0077081196 | I26: =(G26-G25)/G25 -> -0.0077080981 | J26: 0.0041414288 | L26: TTM ALPHA | M26: =M19 -> 0.00015327263
A27: 40395 | B27: 19.129999 | C27: 19.4 | D27: 19.1 | E27: 19.389999 | F27: 377900 | G27: 18.176754 | H27: =(E27-E26)/E26 -> 0.0041429313 | I27: =(G27-G26)/G26 -> 0.0041429675 | J27: -0.00051020606 | L27: TTM BETA | M27: =M20 -> 1.4927608
A28: 40396 | B28: 19.5 | C28: 19.870001 | D28: 19.450001 | E28: 19.870001 | F28: 1025200 | G28: 18.939283 | H28: =(E28-E27)/E27 -> 0.024755133 | I28: =(G28-G27)/G27 -> 0.04195078 | J28: -0.0020066454
A29: 40399 | B29: 19.99 | C29: 20.1 | D29: 19.9 | E29: 20.059999 | F29: 940900 | G29: 19.120382 | H29: =(E29-E28)/E28 -> 0.0095620529 | I29: =(G29-G28)/G28 -> 0.0095620832 | J29: 0.0042418151
A30: 40400 | B30: 20.360001 | C30: 20.83 | D30: 20.360001 | E30: 20.67 | F30: 2136500 | G30: 19.70181 | H30: =(E30-E29)/E29 -> 0.030408825 | I30: =(G30-G29)/G29 -> 0.030408807 | J30: -0.005094053
A31: 40401 | B31: 21.15 | C31: 21.690001 | D31: 21.15 | E31: 21.530001 | F31: 3808000 | G31: 20.521527 | H31: =(E31-E30)/E30 -> 0.041606241 | I31: =(G31-G30)/G30 -> 0.041606177 | J31: -0.024935521
A32: 40402 | B32: 21.57 | C32: 21.889999 | D32: 21.5 | E32: 21.84 | F32: 3046500 | G32: 20.817006 | H32: =(E32-E31)/E31 -> 0.014398467 | I32: =(G32-G31)/G31 -> 0.01439849 | J32: -0.0056730749
A33: 40403 | B33: 22.139999 | C33: 22.139999 | D33: 21.540001 | E33: 21.549999 | F33: 1725400 | G33: 20.540589 | H33: =(E33-E32)/E32 -> -0.013278434 | I33: =(G33-G32)/G32 -> -0.013278422 | J33: -0.0016278964
A34: 40406 | B34: 21.49 | C34: 22 | D34: 20.91 | E34: 21.940001 | F34: 1513500 | G34: 20.912323 | H34: =(E34-E33)/E33 -> 0.018097541 | I34: =(G34-G33)/G33 -> 0.018097534 | J34: -0.00011070594
A35: 40407 | B35: 22.02 | C35: 22.93 | D35: 21.799999 | E35: 22.73 | F35: 3295300 | G35: 21.665318 | H35: =(E35-E34)/E34 -> 0.036007245 | I35: =(G35-G34)/G34 -> 0.036007238 | J35: 0.010079571
A36: 40408 | B36: 22.9 | C36: 22.93 | D36: 22.43 | E36: 22.49 | F36: 1793500 | G36: 21.43656 | H36: =(E36-E35)/E35 -> -0.010558733 | I36: =(G36-G35)/G35 -> -0.010558719 | J36: 0.00093124832
A37: 40409 | B37: 22.26 | C37: 22.74 | D37: 21.969999 | E37: 22 | F37: 2091500 | G37: 20.969512 | H37: =(E37-E36)/E36 -> -0.021787461 | I37: =(G37-G36)/G36 -> -0.021787451 | J37: -0.013857186
A38: 40410 | B38: 21.73 | C38: 22.75 | D38: 21.52 | E38: 22.68 | F38: 1774900 | G38: 21.617661 | H38: =(E38-E37)/E37 -> 0.030909091 | I38: =(G38-G37)/G37 -> 0.030909112 | J38: -0.0056069188
A39: 40413 | B39: 22.549999 | C39: 22.82 | D39: 22.200001 | E39: 22.309999 | F39: 1242700 | G39: 21.264991 | H39: =(E39-E38)/E38 -> -0.016313977 | I39: =(G39-G38)/G38 -> -0.016313976 | J39: -0.0038389875
... A1513: 42551 | B1513: 33.950001 | C1513: 34.68 | D1513: 33.59 | E1513: 34.669998 | F1513: 1709600 | G1513: 34.65552 | H1513: =(E1513-E1512)/E1512 -> 0.030005882 | I1513: =(G1513-G1512)/G1512 -> 0.030005875 | J1513: 0.013298378
H1514: =MIN(I3:I1513) -> -0.10537299 | I1514: =AVERAGE(I3:I1513) -> 0.00081483095
G1515: =(I1514-0)/I1515 -> 0.032823709 | H1515: =MAX(I3:I1513) -> 0.1238256 | I1515: =STDEVP(I3:I1513) -> 0.024824463

Sheet Wfc
A1: Date | B1: Open | C1: High | D1: Low | E1: Close | F1: Volume | G1: Adj Close
A2: 40359 | B2: 26.049999 | C2: 26.450001 | D2: 25.52 | E2: 25.6 | F2: 37501000 | G2: 22.132058 | I2: Wfc | J2: Dji
A3: 40360 | B3: 25.540001 | C3: 25.940001 | D3: 24.6 | E3: 25.18 | F3: 58947800 | G3: 21.768953 | H3: =(E3-E2)/E2 -> -0.01640625 | I3: =(G3-G2)/G2 -> -0.016406292 | J3: -0.0042448511 | L3: SUMMARY OUTPUT
A4: 40361 | B4: 25.4 | C4: 25.68 | D4: 24.76 | E4: 24.879999 | F4: 32231100 | G4: 21.509592 | H4: =(E4-E3)/E3 -> -0.011914257 | I4: =(G4-G3)/G3 -> -0.011914262 | J4: -0.0047315346
A5: 40365 | B5: 25.459999 | C5: 25.639999 | D5: 24.790001 | E5: 25.15 | F5: 37248300 | G5: 21.743017 | H5: =(E5-E4)/E4 -> 0.010852131 | I5: =(G5-G4)/G4 -> 0.010852135 | J5: 0.0058989071 | L5: Regression Statistics
A6: 40366 | B6: 25.280001 | C6: 26.73 | D6: 25.139999 | E6: 26.66 | F6: 48830500 | G6: 23.048463 | H6: =(E6-E5)/E5 -> 0.060039761 | I6: =(G6-G5)/G5 -> 0.060039782 | J6: 0.028188717 | L6: Multiple R | M6: 0.78009245
A7: 40367 | B7: 27.059999 | C7: 27.059999 | D7: 26.1 | E7: 26.639999 | F7: 38228800 | G7: 23.031171 | H7: =(E7-E6)/E6 -> -0.00075022506 | I7: =(G7-G6)/G6 -> -0.00075024525 | J7: 0.01204897 | L7: R Square | M7: 0.60854424
A8: 40368 | B8: 26.5 | C8: 27.040001 | D8: 26.4 | E8: 27 | F8: 24905000 | G8: 23.342404 | H8: =(E8-E7)/E7 -> 0.013513552 | I8: =(G8-G7)/G7 -> 0.013513555 | J8: 0.005823069 | L8: Adjusted R Square | M8: 0.60828482
A9: 40371 | B9: 26.93 | C9: 27.129999 | D9: 26.559999 | E9: 27.059999 | F9: 18761700 | G9: 23.394276 | H9: =(E9-E8)/E8 -> 0.0022221852 | I9: =(G9-G8)/G8 -> 0.0022222218 | J9: 0.0017885081 | L9: Standard Error | M9: 0.0097923887
A10: 40372 | B10: 27.370001 | C10: 28.08 | D10: 27.32 | E10: 27.940001 | F10: 31658500 | G10: 24.155066 | H10: =(E10-E9)/E9 -> 0.0325204 | I10: =(G10-G9)/G9 -> 0.032520348 | J10: 0.014364343 | L10: Observations | M10: 1511
A11: 40373 | B11: 27.700001 | C11: 27.780001 | D11: 27.25 | E11: 27.66 | F11: 31305800 | G11: 23.912996 | H11: =(E11-E10)/E10 -> -0.01002151 | I11: =(G11-G10)/G10 -> -0.0100215 | J11: 0.00035705809
A12: 40374 | B12: 27.85 | C12: 28.16 | D12: 27.02 | E12: 27.809999 | F12: 48127100 | G12: 24.042676 | H12: =(E12-E11)/E11 -> 0.0054229573 | I12: =(G12-G11)/G11 -> 0.0054229926 | J12: -0.00071480277 | L12: ANOVA
A13: 40375 | B13: 27.440001 | C13: 27.469999 | D13: 26.16 | E13: 26.24 | F13: 55456400 | G13: 22.685358 | H13: =(E13-E12)/E12 -> -0.056454479 | I13: =(G13-G12)/G12 -> -0.056454531 | J13: -0.025234228 | M13: df | N13: SS | O13: MS | P13: F | Q13: Significance F
A14: 40378 | B14: 26.27 | C14: 26.4 | D14: 25.620001 | E14: 26.02 | F14: 34667100 | G14: 22.495162 | H14: =(E14-E13)/E13 -> -0.0083841463 | I14: =(G14-G13)/G13 -> -0.0083840863 | J14: 0.0055981241 | L14: Regression | M14: 1 | N14: 0.22494482 | O14: 0.22494482 | P14: 2345.8417 | Q14: 0
A15: 40379 | B15: 25.469999 | C15: 25.92 | D15: 25.299999 | E15: 25.91 | F15: 47672300 | G15: 22.400062 | H15: =(E15-E14)/E14 -> -0.0042275173 | I15: =(G15-G14)/G14 -> -0.0042275757 | J15: 0.0074381597 | L15: Residual | M15: 1509 | N15: 0.14469933 | O15: 9.5890876e-05
A16: 40380 | B16: 27.530001 | C16: 27.6 | D16: 25.969999 | E16: 26.059999 | F16: 70914600 | G16: 22.529742 | H16: =(E16-E15)/E15 -> 0.005789232 | I16: =(G16-G15)/G15 -> 0.0057892697 | J16: -0.010696981 | L16: Total | M16: 1510 | N16: 0.36964415
A17: 40381 | B17: 26.620001 | C17: 27.49 | D17: 26.549999 | E17: 27.389999 | F17: 53000300 | G17: 23.679572 | H17: =(E17-E16)/E16 -> 0.051036073 | I17: =(G17-G16)/G16 -> 0.051036093 | J17: 0.019936657
A18: 40382 | B18: 27.33 | C18: 27.549999 | D18: 27 | E18: 27.42 | F18: 25737000 | G18: 23.705508 | H18: =(E18-E17)/E17 -> 0.0010953268 | I18: =(G18-G17)/G17 -> 0.0010952901 | J18: 0.0099125497 | M18: Coefficients | N18: Standard Error | O18: t Stat | P18: P-value | Q18: Lower 95% | R18: Upper 95% | S18: Lower 95.0% | T18: Upper 95.0%
A19: 40385 | B19: 27.450001 | C19: 27.92 | D19: 27.23 | E19: 27.91 | F19: 22724200 | G19: 24.129129 | H19: =(E19-E18)/E18 -> 0.017870168 | I19: =(G19-G18)/G18 -> 0.017870151 | J19: 0.0096703351 | L19: Intercept | M19: 3.1818693e-05 | N19: 0.00025221446 | O19: 0.12615729 | P19: 0.89962423 | Q19: -0.00046290939 | R19: 0.00052654677 | S19: -0.00046290939 | T19: 0.00052654677
A20: 40386 | B20: 28.41 | C20: 28.77 | D20: 28.24 | E20: 28.389999 | F20: 38411500 | G20: 24.544105 | H20: =(E20-E19)/E19 -> 0.017198101 | I20: =(G20-G19)/G19 -> 0.017198134 | J20: 0.0011648684 | L20: Dji | M20: 1.3397083 | N20: 0.027660555 | O20: 48.43389 | P20: 0 | Q20: 1.2854511 | R20: 1.3939655 | S20: 1.2854511 | T20: 1.3939655
A21: 40387 | B21: 28.25 | C21: 28.540001 | D21: 27.92 | E21: 28.07 | F21: 23935100 | G21: 24.267455 | H21: =(E21-E20)/E20 -> -0.01127154 | I21: =(G21-G20)/G20 -> -0.011271546 | J21: -0.0037779199
A22: 40388 | B22: 28.32 | C22: 28.49 | D22: 27.48 | E22: 27.690001 | F22: 30045500 | G22: 23.938933 | H22: =(E22-E21)/E21 -> -0.013537549 | I22: =(G22-G21)/G21 -> -0.013537555 | J22: -0.0029262785
A23: 40389 | B23: 27.27 | C23: 27.99 | D23: 27.25 | E23: 27.73 | F23: 27490900 | G23: 23.973513 | H23: =(E23-E22)/E22 -> 0.0014445287 | I23: =(G23-G22)/G22 -> 0.0014445088 | J23: -0.00011652922
A24: 40392 | B24: 28.290001 | C24: 28.58 | D24: 27.950001 | E24: 28.57 | F24: 28005100 | G24: 24.699721 | H24: =(E24-E23)/E23 -> 0.030292102 | I24: =(G24-G23)/G23 -> 0.030292098 | J24: 0.019915979
A25: 40393 | B25: 28.450001 | C25: 28.49 | D25: 27.940001 | E25: 28.120001 | F25: 29544200 | G25: 24.310682 | H25: =(E25-E24)/E24 -> -0.015750753 | I25: =(G25-G24)/G24 -> -0.015750745 | J25: -0.0035599258 | L25: WFC ALPHA | M25: =M19 -> 3.1818693e-05
A26: 40394 | B26: 28.17 | C26: 28.25 | D26: 27.700001 | E26: 27.93 | F26: 28936700 | G26: 24.189431 | H26: =(E26-E25)/E25 -> -0.0067567921 | I26: =(G26-G25)/G25 -> -0.0049875606 | J26: 0.0041414288 | L26: WFC BETA | M26: =M20 -> 1.3397083
A27: 40395 | B27: 27.709999 | C27: 27.959999 | D27: 27.559999 | E27: 27.879999 | F27: 21881200 | G27: 24.146126 | H27: =(E27-E26)/E26 -> -0.0017902256 | I27: =(G27-G26)/G26 -> -0.0017902447 | J27: -0.00051020606
A28: 40396 | B28: 27.49 | C28: 27.77 | D28: 27.24 | E28: 27.75 | F28: 38637900 | G28: 24.033538 | H28: =(E28-E27)/E27 -> -0.004662805 | I28: =(G28-G27)/G27 -> -0.004662777 | J28: -0.0020066454
A29: 40399 | B29: 27.9 | C29: 28.27 | D29: 27.52 | E29: 28.23 | F29: 29199300 | G29: 24.449253 | H29: =(E29-E28)/E28 -> 0.017297297 | I29: =(G29-G28)/G28 -> 0.017297287 | J29: 0.0042418151
A30: 40400 | B30: 27.940001 | C30: 28.07 | D30: 27.51 | E30: 27.77 | F30: 29837400 | G30: 24.05086 | H30: =(E30-E29)/E29 -> -0.016294722 | I30: =(G30-G29)/G29 -> -0.01629469 | J30: -0.005094053
A31: 40401 | B31: 27.26 | C31: 27.389999 | D31: 26.26 | E31: 26.299999 | F31: 39624100 | G31: 22.777731 | H31: =(E31-E30)/E30 -> -0.052934858 | I31: =(G31-G30)/G30 -> -0.052934864 | J31: -0.024935521
A32: 40402 | B32: 26 | C32: 26.389999 | D32: 25.870001 | E32: 26 | F32: 31944800 | G32: 22.517909 | H32: =(E32-E31)/E31 -> -0.011406807 | I32: =(G32-G31)/G31 -> -0.011406843 | J32: -0.0056730749
A33: 40403 | B33: 25.99 | C33: 26.299999 | D33: 25.809999 | E33: 25.84 | F33: 25494200 | G33: 22.379338 | H33: =(E33-E32)/E32 -> -0.0061538462 | I33: =(G33-G32)/G32 -> -0.0061538129 | J33: -0.0016278964
A34: 40406 | B34: 25.67 | C34: 25.91 | D34: 25.52 | E34: 25.68 | F34: 24593600 | G34: 22.240766 | H34: =(E34-E33)/E33 -> -0.0061919505 | I34: =(G34-G33)/G33 -> -0.0061919615 | J34: -0.00011070594
A35: 40407 | B35: 25.959999 | C35: 26.01 | D35: 25.209999 | E35: 25.34 | F35: 49481000 | G35: 21.946301 | H35: =(E35-E34)/E34 -> -0.013239875 | I35: =(G35-G34)/G34 -> -0.013239877 | J35: 0.010079571
A36: 40408 | B36: 25.299999 | C36: 25.67 | D36: 25.09 | E36: 25.379999 | F36: 38076300 | G36: 21.980943 | H36: =(E36-E35)/E35 -> 0.0015784925 | I36: =(G36-G35)/G35 -> 0.0015784892 | J36: 0.00093124832
A37: 40409 | B37: 25.1 | C37: 25.360001 | D37: 24.27 | E37: 24.43 | F37: 51516800 | G37: 21.158174 | H37: =(E37-E36)/E36 -> -0.03743101 | I37: =(G37-G36)/G36 -> -0.037431015 | J37: -0.013857186
A38: 40410 | B38: 24.43 | C38: 24.709999 | D38: 24.27 | E38: 24.6 | F38: 40025600 | G38: 21.305407 | H38: =(E38-E37)/E37 -> 0.0069586574 | I38: =(G38-G37)/G37 -> 0.0069586818 | J38: -0.0056069188
... A1513: 42551 | B1513: 47.240002 | C1513: 47.360001 | D1513: 46.529999 | E1513: 47.330002 | F1513: 22538800 | G1513: 47.330002 | H1513: =(E1513-E1512)/E1512 -> 0.0076644878 | I1513: =(G1513-G1512)/G1512 -> 0.0076644878 | J1513: 0.013298378
H1514: =MIN(I3:I1513) -> -0.090440273 | I1514: =AVERAGE(I3:I1513) -> 0.00062554756
G1515: =(I1514-0)/I1515 -> 0.039994534 | H1515: =MAX(I3:I1513) -> 0.080680352 | I1515: =STDEVP(I3:I1513) -> 0.015640826

Sheet Xom
A1: Date | B1: Open | C1: High | D1: Low | E1: Close | F1: Volume | G1: Adj Close
A2: 40359 | B2: 57.330002 | C2: 57.73 | D2: 56.919998 | E2: 57.07 | F2: 43944900 | G2: 48.248732 | I2: Xom | J2: Dji
A3: 40360 | B3: 56.98 | C3: 57.27 | D3: 56.169998 | E3: 56.610001 | F3: 47746400 | G3: 47.859834 | H3: =(E3-E2)/E2 -> -0.0080602593 | I3: =(G3-G2)/G2 -> -0.008060274 | J3: -0.0042448511 | L3: SUMMARY OUTPUT
A4: 40361 | B4: 56.849998 | C4: 56.990002 | D4: 55.939999 | E4: 56.57 | F4: 32767900 | G4: 47.826016 | H4: =(E4-E3)/E3 -> -0.00070660659 | I4: =(G4-G3)/G3 -> -0.00070660504 | J4: -0.0047315346
A5: 40365 | B5: 57.169998 | C5: 57.59 | D5: 56.77 | E5: 57.459999 | F5: 36912100 | G5: 48.578449 | H5: =(E5-E4)/E4 -> 0.015732703 | I5: =(G5-G4)/G4 -> 0.015732713 | J5: 0.0058989071 | L5: Regression Statistics
A6: 40366 | B6: 57.369999 | C6: 58.450001 | D6: 57.259998 | E6: 58.43 | F6: 41797200 | G6: 49.398518 | H6: =(E6-E5)/E5 -> 0.016881326 | I6: =(G6-G5)/G5 -> 0.016881334 | J6: 0.028188717 | L6: Multiple R | M6: 0.77224512
A7: 40367 | B7: 59.130001 | C7: 59.200001 | D7: 58.130001 | E7: 58.810001 | F7: 40430300 | G7: 49.719782 | H7: =(E7-E6)/E6 -> 0.0065035256 | I7: =(G7-G6)/G6 -> 0.0065035149 | J7: 0.01204897 | L7: R Square | M7: 0.59636252
A8: 40368 | B8: 58.759998 | C8: 59.009998 | D8: 58.299999 | E8: 58.779999 | F8: 25976500 | G8: 49.694417 | H8: =(E8-E7)/E7 -> -0.00051015133 | I8: =(G8-G7)/G7 -> -0.00051015912 | J8: 0.005823069 | L8: Adjusted R Square | M8: 0.59609504
A9: 40371 | B9: 58.290001 | C9: 58.939999 | D9: 58.200001 | E9: 58.939999 | F9: 23515000 | G9: 49.829686 | H9: =(E9-E8)/E8 -> 0.0027220143 | I9: =(G9-G8)/G8 -> 0.002722016 | J9: 0.0017885081 | L9: Standard Error | M9: 0.0076111434
A10: 40372 | B10: 59.599998 | C10: 59.720001 | D10: 59.040001 | E10: 59.419998 | F10: 30514200 | G10: 50.235493 | H10: =(E10-E9)/E9 -> 0.0081438583 | I10: =(G10-G9)/G9 -> 0.0081438803 | J10: 0.014364343 | L10: Observations | M10: 1511
A11: 40373 | B11: 59.220001 | C11: 59.34 | D11: 58.619999 | E11: 59.259998 | F11: 26061100 | G11: 50.100224 | H11: =(E11-E10)/E10 -> -0.0026926962 | I11: =(G11-G10)/G10 -> -0.0026926978 | J11: 0.00035705809
A12: 40374 | B12: 59.360001 | C12: 59.490002 | D12: 58.59 | E12: 59.27 | F12: 24737300 | G12: 50.10868 | H12: =(E12-E11)/E11 -> 0.00016878165 | I12: =(G12-G11)/G11 -> 0.00016878168 | J12: -0.00071480277 | L12: ANOVA
A13: 40375 | B13: 58.84 | C13: 59.110001 | D13: 57.810001 | E13: 57.959999 | F13: 35805700 | G13: 49.001164 | H13: =(E13-E12)/E12 -> -0.022102261 | I13: =(G13-G12)/G12 -> -0.022102278 | J13: -0.025234228 | M13: df | N13: SS | O13: MS | P13: F | Q13: Significance F
A14: 40378 | B14: 58.330002 | C14: 58.740002 | D14: 58.099998 | E14: 58.43 | F14: 20960000 | G14: 49.398518 | H14: =(E14-E13)/E13 -> 0.0081090581 | I14: =(G14-G13)/G13 -> 0.0081090727 | J14: 0.0055981241 | L14: Regression | M14: 1 | N14: 0.12915401 | O14: 0.12915401 | P14: 2229.5032 | Q14: 1.3968412e-299
A15: 40379 | B15: 57.68 | C15: 58.990002 | D15: 57.669998 | E15: 58.950001 | F15: 23807300 | G15: 49.838142 | H15: =(E15-E14)/E14 -> 0.008899555 | I15: =(G15-G14)/G14 -> 0.0088995382 | J15: 0.0074381597 | L15: Residual | M15: 1509 | N15: 0.087415621 | O15: 5.7929504e-05
A16: 40380 | B16: 59.130001 | C16: 59.130001 | D16: 57.599998 | E16: 58.169998 | F16: 26859700 | G16: 49.178704 | H16: =(E16-E15)/E15 -> -0.013231603 | I16: =(G16-G15)/G15 -> -0.013231593 | J16: -0.010696981 | L16: Total | M16: 1510 | N16: 0.21656964
A17: 40381 | B17: 58.709999 | C17: 59.790001 | D17: 58.66 | E17: 59.380001 | F17: 27051400 | G17: 50.201678 | H17: =(E17-E16)/E16 -> 0.020801153 | I17: =(G17-G16)/G16 -> 0.020801158 | J17: 0.019936657
A18: 40382 | B18: 59.259998 | C18: 59.810001 | D18: 58.799999 | E18: 59.720001 | F18: 19281400 | G18: 50.489124 | H18: =(E18-E17)/E17 -> 0.0057258335 | I18: =(G18-G17)/G17 -> 0.0057258245 | J18: 0.0099125497 | M18: Coefficients | N18: Standard Error | O18: t Stat | P18: P-value | Q18: Lower 95% | R18: Upper 95% | S18: Lower 95.0% | T18: Upper 95.0%
A19: 40385 | B19: 59.700001 | C19: 60.439999 | D19: 59.630001 | E19: 60.389999 | F19: 20236500 | G19: 51.055561 | H19: =(E19-E18)/E18 -> 0.011218988 | I19: =(G19-G18)/G18 -> 0.01121899 | J19: 0.0096703351 | L19: Intercept | M19: 6.1424473e-05 | N19: 0.00019603393 | O19: 0.31333592 | P19: 0.75406876 | Q19: -0.0003231034 | R19: 0.00044595234 | S19: -0.0003231034 | T19: 0.00044595234
A20: 40386 | B20: 60.619999 | C20: 60.900002 | D20: 60.389999 | E20: 60.810001 | F20: 22400800 | G20: 51.410644 | H20: =(E20-E19)/E19 -> 0.0069548271 | I20: =(G20-G19)/G19 -> 0.0069548349 | J20: 0.0011648684 | L20: Dji | M20: 1.0151406 | N20: 0.021499193 | O20: 47.217615 | P20: 1.3968412e-299 | Q20: 0.97296914 | R20: 1.0573121 | S20: 0.97296914 | T20: 1.0573121
A21: 40387 | B21: 60.73 | C21: 61.27 | D21: 60.73 | E21: 60.91 | F21: 23511100 | G21: 51.495186 | H21: =(E21-E20)/E20 -> 0.0016444499 | I21: =(G21-G20)/G20 -> 0.0016444455 | J21: -0.0037779199
A22: 40388 | B22: 61.419998 | C22: 61.880001 | D22: 60.290001 | E22: 60.34 | F22: 33763000 | G22: 51.01329 | H22: =(E22-E21)/E21 -> -0.0093580693 | I22: =(G22-G21)/G21 -> -0.0093580786 | J22: -0.0029262785
A23: 40389 | B23: 60.150002 | C23: 60.509998 | D23: 59.599998 | E23: 59.68 | F23: 29354600 | G23: 50.455306 | H23: =(E23-E22)/E22 -> -0.010938018 | I23: =(G23-G22)/G22 -> -0.010938012 | J23: -0.00011652922
A24: 40392 | B24: 60.639999 | C24: 62.040001 | D24: 60.610001 | E24: 61.939999 | F24: 28144000 | G24: 52.365978 | H24: =(E24-E23)/E23 -> 0.037868616 | I24: =(G24-G23)/G23 -> 0.037868604 | J24: 0.019915979 | L24: XOM BETA | M24: =M20 -> 1.0151406
A25: 40393 | B25: 61.98 | C25: 62.990002 | D25: 61.880001 | E25: 62.720001 | F25: 31075800 | G25: 53.025417 | H25: =(E25-E24)/E24 -> 0.012592864 | I25: =(G25-G24)/G24 -> 0.01259289 | J25: -0.0035599258 | L25: XOM ALPHA | M25: =M19 -> 6.1424473e-05
A26: 40394 | B26: 62.860001 | C26: 62.889999 | D26: 62.27 | E26: 62.720001 | F26: 21033800 | G26: 53.025417 | H26: =(E26-E25)/E25 -> 0 | I26: =(G26-G25)/G25 -> 0 | J26: 0.0041414288
A27: 40395 | B27: 62.279999 | C27: 62.709999 | D27: 61.849998 | E27: 62.709999 | F27: 19985300 | G27: 53.01696 | H27: =(E27-E26)/E26 -> -0.00015947066 | I27: =(G27-G26)/G26 -> -0.00015948955 | J27: -0.00051020606
A28: 40396 | B28: 61.919998 | C28: 62.5 | D28: 61.25 | E28: 61.970001 | F28: 23097300 | G28: 52.391343 | H28: =(E28-E27)/E27 -> -0.011800319 | I28: =(G28-G27)/G27 -> -0.011800318 | J28: -0.0020066454
A29: 40399 | B29: 62.560001 | C29: 62.669998 | D29: 62.18 | E29: 62.450001 | F29: 14731300 | G29: 52.79715 | H29: =(E29-E28)/E28 -> 0.0077456833 | I29: =(G29-G28)/G28 -> 0.0077456881 | J29: 0.0042418151
A30: 40400 | B30: 61.849998 | C30: 62.169998 | D30: 61.450001 | E30: 61.93 | F30: 23188500 | G30: 52.357525 | H30: =(E30-E29)/E29 -> -0.0083266772 | I30: =(G30-G29)/G29 -> -0.0083266805 | J30: -0.005094053
A31: 40401 | B31: 60.549999 | C31: 60.66 | D31: 60.200001 | E31: 60.389999 | F31: 24281300 | G31: 51.420899 | H31: =(E31-E30)/E30 -> -0.024866801 | I31: =(G31-G30)/G30 -> -0.017889043 | J31: -0.024935521
A32: 40402 | B32: 59.700001 | C32: 60.560001 | D32: 59.560001 | E32: 60.23 | F32: 16951300 | G32: 51.284662 | H32: =(E32-E31)/E31 -> -0.0026494288 | I32: =(G32-G31)/G31 -> -0.002649448 | J32: -0.0056730749
A33: 40403 | B33: 59.959999 | C33: 60.450001 | D33: 59.799999 | E33: 59.91 | F33: 14651300 | G33: 51.012189 | H33: =(E33-E32)/E32 -> -0.005312967 | I33: =(G33-G32)/G32 -> -0.005312953 | J33: -0.0016278964
A34: 40406 | B34: 59.599998 | C34: 60.25 | D34: 59.25 | E34: 59.880001 | F34: 14301100 | G34: 50.986645 | H34: =(E34-E33)/E33 -> -0.00050073443 | I34: =(G34-G33)/G33 -> -0.00050074307 | J34: -0.00011070594
A35: 40407 | B35: 60.490002 | C35: 61.16 | D35: 60.139999 | E35: 60.82 | F35: 20122200 | G35: 51.787036 | H35: =(E35-E34)/E34 -> 0.015698046 | I35: =(G35-G34)/G34 -> 0.015698052 | J35: 0.010079571
A36: 40408 | B36: 60.669998 | C36: 60.720001 | D36: 59.630001 | E36: 60.150002 | F36: 20071500 | G36: 51.216545 | H36: =(E36-E35)/E35 -> -0.01101608 | I36: =(G36-G35)/G35 -> -0.011016097 | J36: 0.00093124832
A37: 40409 | B37: 59.93 | C37: 60.060001 | D37: 58.900002 | E37: 59.290001 | F37: 21174500 | G37: 50.484272 | H37: =(E37-E36)/E36 -> -0.014297606 | I37: =(G37-G36)/G36 -> -0.014297587 | J37: -0.013857186
... A1513: 42551 | B1513: 92.330002 | C1513: 93.830002 | D1513: 92.300003 | E1513: 93.739998 | F1513: 14073700 | G1513: 93.739998 | H1513: =(E1513-E1512)/E1512 -> 0.013843814 | I1513: =(G1513-G1512)/G1512 -> 0.013843814 | J1513: 0.013298378
H1514: =MIN(I3:I1513) -> -0.06188182 | I1514: =AVERAGE(I3:I1513) -> 0.00051131218
G1515: =(I1514-0)/I1515 -> 0.042709018 | H1515: =MAX(I3:I1513) -> 0.055159376 | I1515: =STDEVP(I3:I1513) -> 0.011971996
